2026-07-26 13:25:56 [INFO] [list] cleared
2026-07-26 13:25:56 [INFO] [scan] 95 .ncm files found in /Users/johnny/Music/网易云音乐
2026-07-26 13:26:26 [INFO] === 开始转换 ===
2026-07-26 13:26:26 [INFO]   输入: /Users/johnny/Music/网易云音乐
2026-07-26 13:26:26 [INFO]   输出: /Users/johnny/Music/Converted/mp3
2026-07-26 13:26:26 [INFO]   MP3: True  元数据: True
2026-07-26 13:26:26 [INFO] [decrypt] Sinos De Natal (Jumpstyle Funk).ncm
2026-07-26 13:26:26 [DEBUG] [decrypt] cmd: /Users/johnny/Development/Projects/ncmdump/build/ncmdump "/Users/johnny/Music/网易云音乐/7CEAN,HAMZA INC/Sinos De Natal (Jumpstyle Funk)/Sinos De Natal (Jumpstyle Funk).ncm" -o "/Users/johnny/Music/Converted/mp3"
2026-07-26 13:26:26 [DEBUG] [decrypt] stdout: [1m[32m[Done] [0m'/Users/johnny/Music/网易云音乐/7CEAN,HAMZA INC/Sinos De Natal (Jumpstyle Funk)/Sinos De Natal (Jumpstyle Funk).ncm' -> '/Users/johnny/Music/Converted/mp3/Sinos De Natal (Jumpstyle Funk).flac'
2026-07-26 13:26:26 [WARNING] [metadata] failed to parse /Users/johnny/Music/网易云音乐/7CEAN,HAMZA INC/Sinos De Natal (Jumpstyle Funk)/Sinos De Natal (Jumpstyle Funk).ncm: Extra data: line 1 column 509 (char 508)
2026-07-26 13:26:26 [INFO] [ffmpeg] Sinos De Natal (Jumpstyle Funk).ncm -> mp3
2026-07-26 13:26:26 [DEBUG] [ffmpeg] cmd: ffmpeg -y -i /Users/johnny/Music/Converted/mp3/Sinos De Natal (Jumpstyle Funk).flac -map 0:a -c:a libmp3lame -b:a 320k -metadata artist=7CEAN,HAMZA INC -metadata album_artist=7CEAN,HAMZA INC -metadata album=Sinos De Natal (Jumpstyle Funk) -metadata title=Sinos De Natal (Jumpstyle Funk) -id3v2_version 3 -write_id3v1 1 /Users/johnny/Music/Converted/mp3/Sinos De Natal (Jumpstyle Funk).mp3
2026-07-26 13:26:27 [DEBUG] [ffmpeg] removed intermediate: /Users/johnny/Music/Converted/mp3/Sinos De Natal (Jumpstyle Funk).flac
2026-07-26 13:26:27 [INFO] [decrypt] You Shook Me All Night Long.ncm
2026-07-26 13:26:27 [DEBUG] [decrypt] cmd: /Users/johnny/Development/Projects/ncmdump/build/ncmdump "/Users/johnny/Music/网易云音乐/ACDC/Back In Black/You Shook Me All Night Long.ncm" -o "/Users/johnny/Music/Converted/mp3"
2026-07-26 13:26:27 [DEBUG] [decrypt] stdout: [1m[32m[Done] [0m'/Users/johnny/Music/网易云音乐/ACDC/Back In Black/You Shook Me All Night Long.ncm' -> '/Users/johnny/Music/Converted/mp3/You Shook Me All Night Long.flac'
2026-07-26 13:26:27 [WARNING] [metadata] failed to parse /Users/johnny/Music/网易云音乐/ACDC/Back In Black/You Shook Me All Night Long.ncm: Extra data: line 1 column 459 (char 458)
2026-07-26 13:26:27 [INFO] [ffmpeg] You Shook Me All Night Long.ncm -> mp3
2026-07-26 13:26:27 [DEBUG] [ffmpeg] cmd: ffmpeg -y -i /Users/johnny/Music/Converted/mp3/You Shook Me All Night Long.flac -map 0:a -c:a libmp3lame -b:a 320k -metadata artist=ACDC -metadata album_artist=ACDC -metadata album=Back In Black -metadata title=You Shook Me All Night Long -id3v2_version 3 -write_id3v1 1 /Users/johnny/Music/Converted/mp3/You Shook Me All Night Long.mp3
2026-07-26 13:26:29 [DEBUG] [ffmpeg] removed intermediate: /Users/johnny/Music/Converted/mp3/You Shook Me All Night Long.flac
2026-07-26 13:26:29 [INFO] [decrypt] Highway to Hell.ncm
2026-07-26 13:26:29 [DEBUG] [decrypt] cmd: /Users/johnny/Development/Projects/ncmdump/build/ncmdump "/Users/johnny/Music/网易云音乐/ACDC/Highway to Hell/Highway to Hell.ncm" -o "/Users/johnny/Music/Converted/mp3"
2026-07-26 13:26:29 [DEBUG] [decrypt] stdout: [1m[32m[Done] [0m'/Users/johnny/Music/网易云音乐/ACDC/Highway to Hell/Highway to Hell.ncm' -> '/Users/johnny/Music/Converted/mp3/Highway to Hell.flac'
2026-07-26 13:26:29 [DEBUG] [metadata] /Users/johnny/Music/网易云音乐/ACDC/Highway to Hell/Highway to Hell.ncm: musicId=3880720
2026-07-26 13:26:29 [DEBUG] [metadata] found cover: /Users/johnny/Music/网易云音乐/meta/track-3880720.jpg
2026-07-26 13:26:29 [INFO] [cover] Highway to Hell.ncm -> track-3880720.jpg
2026-07-26 13:26:29 [INFO] [ffmpeg] Highway to Hell.ncm -> mp3
2026-07-26 13:26:29 [DEBUG] [ffmpeg] cmd: ffmpeg -y -i /Users/johnny/Music/Converted/mp3/Highway to Hell.flac -i /Users/johnny/Music/网易云音乐/meta/track-3880720.jpg -map 0:a -map 1:v -c:a libmp3lame -b:a 320k -disposition:v attached_pic -metadata artist=ACDC -metadata album_artist=ACDC -metadata album=Highway to Hell -metadata title=Highway to Hell -id3v2_version 3 -write_id3v1 1 /Users/johnny/Music/Converted/mp3/Highway to Hell.mp3
2026-07-26 13:26:31 [DEBUG] [ffmpeg] removed intermediate: /Users/johnny/Music/Converted/mp3/Highway to Hell.flac
2026-07-26 13:26:31 [INFO] [decrypt] Back In Black.ncm
2026-07-26 13:26:31 [DEBUG] [decrypt] cmd: /Users/johnny/Development/Projects/ncmdump/build/ncmdump "/Users/johnny/Music/网易云音乐/ACDC/Iron Man 2/Back In Black.ncm" -o "/Users/johnny/Music/Converted/mp3"
2026-07-26 13:26:31 [DEBUG] [decrypt] stdout: [1m[32m[Done] [0m'/Users/johnny/Music/网易云音乐/ACDC/Iron Man 2/Back In Black.ncm' -> '/Users/johnny/Music/Converted/mp3/Back In Black.flac'
2026-07-26 13:26:31 [WARNING] [metadata] failed to parse /Users/johnny/Music/网易云音乐/ACDC/Iron Man 2/Back In Black.ncm: Extra data: line 1 column 442 (char 441)
2026-07-26 13:26:31 [INFO] [ffmpeg] Back In Black.ncm -> mp3
2026-07-26 13:26:31 [DEBUG] [ffmpeg] cmd: ffmpeg -y -i /Users/johnny/Music/Converted/mp3/Back In Black.flac -map 0:a -c:a libmp3lame -b:a 320k -metadata artist=ACDC -metadata album_artist=ACDC -metadata album=Iron Man 2 -metadata title=Back In Black -id3v2_version 3 -write_id3v1 1 /Users/johnny/Music/Converted/mp3/Back In Black.mp3
2026-07-26 13:26:32 [DEBUG] [ffmpeg] removed intermediate: /Users/johnny/Music/Converted/mp3/Back In Black.flac
2026-07-26 13:26:32 [INFO] [decrypt] Thunderstruck.ncm
2026-07-26 13:26:32 [DEBUG] [decrypt] cmd: /Users/johnny/Development/Projects/ncmdump/build/ncmdump "/Users/johnny/Music/网易云音乐/ACDC/Iron Man 2/Thunderstruck.ncm" -o "/Users/johnny/Music/Converted/mp3"
2026-07-26 13:26:32 [DEBUG] [decrypt] stdout: [1m[32m[Done] [0m'/Users/johnny/Music/网易云音乐/ACDC/Iron Man 2/Thunderstruck.ncm' -> '/Users/johnny/Music/Converted/mp3/Thunderstruck.flac'
2026-07-26 13:26:32 [WARNING] [metadata] failed to parse /Users/johnny/Music/网易云音乐/ACDC/Iron Man 2/Thunderstruck.ncm: Extra data: line 1 column 442 (char 441)
2026-07-26 13:26:32 [INFO] [ffmpeg] Thunderstruck.ncm -> mp3
2026-07-26 13:26:32 [DEBUG] [ffmpeg] cmd: ffmpeg -y -i /Users/johnny/Music/Converted/mp3/Thunderstruck.flac -map 0:a -c:a libmp3lame -b:a 320k -metadata artist=ACDC -metadata album_artist=ACDC -metadata album=Iron Man 2 -metadata title=Thunderstruck -id3v2_version 3 -write_id3v1 1 /Users/johnny/Music/Converted/mp3/Thunderstruck.mp3
2026-07-26 13:26:35 [DEBUG] [ffmpeg] removed intermediate: /Users/johnny/Music/Converted/mp3/Thunderstruck.flac
2026-07-26 13:26:35 [INFO] [decrypt] Emission Control.ncm
2026-07-26 13:26:35 [DEBUG] [decrypt] cmd: /Users/johnny/Development/Projects/ncmdump/build/ncmdump "/Users/johnny/Music/网易云音乐/ACDC/Rock or Bust/Emission Control.ncm" -o "/Users/johnny/Music/Converted/mp3"
2026-07-26 13:26:35 [DEBUG] [decrypt] stdout: [1m[32m[Done] [0m'/Users/johnny/Music/网易云音乐/ACDC/Rock or Bust/Emission Control.ncm' -> '/Users/johnny/Music/Converted/mp3/Emission Control.flac'
2026-07-26 13:26:35 [WARNING] [metadata] failed to parse /Users/johnny/Music/网易云音乐/ACDC/Rock or Bust/Emission Control.ncm: Extra data: line 1 column 442 (char 441)
2026-07-26 13:26:35 [INFO] [ffmpeg] Emission Control.ncm -> mp3
2026-07-26 13:26:35 [DEBUG] [ffmpeg] cmd: ffmpeg -y -i /Users/johnny/Music/Converted/mp3/Emission Control.flac -map 0:a -c:a libmp3lame -b:a 320k -metadata artist=ACDC -metadata album_artist=ACDC -metadata album=Rock or Bust -metadata title=Emission Control -id3v2_version 3 -write_id3v1 1 /Users/johnny/Music/Converted/mp3/Emission Control.mp3
2026-07-26 13:26:36 [DEBUG] [ffmpeg] removed intermediate: /Users/johnny/Music/Converted/mp3/Emission Control.flac
2026-07-26 13:26:36 [INFO] [decrypt] T.N.T.ncm
2026-07-26 13:26:36 [DEBUG] [decrypt] cmd: /Users/johnny/Development/Projects/ncmdump/build/ncmdump "/Users/johnny/Music/网易云音乐/ACDC/TNT/T.N.T.ncm" -o "/Users/johnny/Music/Converted/mp3"
2026-07-26 13:26:36 [DEBUG] [decrypt] stdout: [1m[33m[Warn] [0m'/Users/johnny/Music/网易云音乐/ACDC/TNT/T.N.T.ncm' missing album can't fix album image!
[1m[32m[Done] [0m'/Users/johnny/Music/网易云音乐/ACDC/TNT/T.N.T.ncm' -> '/Users/johnny/Music/Converted/mp3/T.N.T.flac'
2026-07-26 13:26:36 [WARNING] [metadata] failed to parse /Users/johnny/Music/网易云音乐/ACDC/TNT/T.N.T.ncm: Extra data: line 1 column 422 (char 421)
2026-07-26 13:26:36 [INFO] [ffmpeg] T.N.T.ncm -> mp3
2026-07-26 13:26:36 [DEBUG] [ffmpeg] cmd: ffmpeg -y -i /Users/johnny/Music/Converted/mp3/T.N.T.flac -map 0:a -c:a libmp3lame -b:a 320k -metadata artist=ACDC -metadata album_artist=ACDC -metadata album=TNT -metadata title=T.N.T -id3v2_version 3 -write_id3v1 1 /Users/johnny/Music/Converted/mp3/T.N.T.mp3
2026-07-26 13:26:38 [DEBUG] [ffmpeg] removed intermediate: /Users/johnny/Music/Converted/mp3/T.N.T.flac
2026-07-26 13:26:38 [INFO] [decrypt] Little Bouquet.ncm
2026-07-26 13:26:38 [DEBUG] [decrypt] cmd: /Users/johnny/Development/Projects/ncmdump/build/ncmdump "/Users/johnny/Music/网易云音乐/Aimer/Little Bouquet ／ Pastoral/Little Bouquet.ncm" -o "/Users/johnny/Music/Converted/mp3"
2026-07-26 13:26:38 [DEBUG] [decrypt] stdout: [1m[32m[Done] [0m'/Users/johnny/Music/网易云音乐/Aimer/Little Bouquet ／ Pastoral/Little Bouquet.ncm' -> '/Users/johnny/Music/Converted/mp3/Little Bouquet.flac'
2026-07-26 13:26:38 [DEBUG] [metadata] /Users/johnny/Music/网易云音乐/Aimer/Little Bouquet ／ Pastoral/Little Bouquet.ncm: musicId=3312018325
2026-07-26 13:26:38 [DEBUG] [metadata] found cover: /Users/johnny/Music/网易云音乐/meta/track-3312018325.jpg
2026-07-26 13:26:38 [INFO] [cover] Little Bouquet.ncm -> track-3312018325.jpg
2026-07-26 13:26:38 [INFO] [ffmpeg] Little Bouquet.ncm -> mp3
2026-07-26 13:26:38 [DEBUG] [ffmpeg] cmd: ffmpeg -y -i /Users/johnny/Music/Converted/mp3/Little Bouquet.flac -i /Users/johnny/Music/网易云音乐/meta/track-3312018325.jpg -map 0:a -map 1:v -c:a libmp3lame -b:a 320k -disposition:v attached_pic -metadata artist=Aimer -metadata album_artist=Aimer -metadata album=Little Bouquet ／ Pastoral -metadata title=Little Bouquet -id3v2_version 3 -write_id3v1 1 /Users/johnny/Music/Converted/mp3/Little Bouquet.mp3
2026-07-26 13:26:40 [DEBUG] [ffmpeg] removed intermediate: /Users/johnny/Music/Converted/mp3/Little Bouquet.flac
2026-07-26 13:26:40 [INFO] [decrypt] Pastoral.ncm
2026-07-26 13:26:40 [DEBUG] [decrypt] cmd: /Users/johnny/Development/Projects/ncmdump/build/ncmdump "/Users/johnny/Music/网易云音乐/Aimer/Pastoral/Pastoral.ncm" -o "/Users/johnny/Music/Converted/mp3"
2026-07-26 13:26:40 [DEBUG] [decrypt] stdout: [1m[32m[Done] [0m'/Users/johnny/Music/网易云音乐/Aimer/Pastoral/Pastoral.ncm' -> '/Users/johnny/Music/Converted/mp3/Pastoral.flac'
2026-07-26 13:26:40 [WARNING] [metadata] failed to parse /Users/johnny/Music/网易云音乐/Aimer/Pastoral/Pastoral.ncm: Extra data: line 1 column 461 (char 460)
2026-07-26 13:26:40 [INFO] [ffmpeg] Pastoral.ncm -> mp3
2026-07-26 13:26:40 [DEBUG] [ffmpeg] cmd: ffmpeg -y -i /Users/johnny/Music/Converted/mp3/Pastoral.flac -map 0:a -c:a libmp3lame -b:a 320k -metadata artist=Aimer -metadata album_artist=Aimer -metadata album=Pastoral -metadata title=Pastoral -id3v2_version 3 -write_id3v1 1 /Users/johnny/Music/Converted/mp3/Pastoral.mp3
2026-07-26 13:26:41 [DEBUG] [ffmpeg] removed intermediate: /Users/johnny/Music/Converted/mp3/Pastoral.flac
2026-07-26 13:26:41 [INFO] [decrypt] 残響散歌.ncm
2026-07-26 13:26:41 [DEBUG] [decrypt] cmd: /Users/johnny/Development/Projects/ncmdump/build/ncmdump "/Users/johnny/Music/网易云音乐/Aimer/残響散歌/残響散歌.ncm" -o "/Users/johnny/Music/Converted/mp3"
2026-07-26 13:26:42 [DEBUG] [decrypt] stdout: [1m[32m[Done] [0m'/Users/johnny/Music/网易云音乐/Aimer/残響散歌/残響散歌.ncm' -> '/Users/johnny/Music/Converted/mp3/残響散歌.flac'
2026-07-26 13:26:42 [DEBUG] [metadata] /Users/johnny/Music/网易云音乐/Aimer/残響散歌/残響散歌.ncm: musicId=1897084229
2026-07-26 13:26:42 [DEBUG] [metadata] found cover: /Users/johnny/Music/网易云音乐/meta/track-1897084229.jpg
2026-07-26 13:26:42 [INFO] [cover] 残響散歌.ncm -> track-1897084229.jpg
2026-07-26 13:26:42 [INFO] [ffmpeg] 残響散歌.ncm -> mp3
2026-07-26 13:26:42 [DEBUG] [ffmpeg] cmd: ffmpeg -y -i /Users/johnny/Music/Converted/mp3/残響散歌.flac -i /Users/johnny/Music/网易云音乐/meta/track-1897084229.jpg -map 0:a -map 1:v -c:a libmp3lame -b:a 320k -disposition:v attached_pic -metadata artist=Aimer -metadata album_artist=Aimer -metadata album=残響散歌 -metadata title=残響散歌 -id3v2_version 3 -write_id3v1 1 /Users/johnny/Music/Converted/mp3/残響散歌.mp3
2026-07-26 13:26:43 [DEBUG] [ffmpeg] removed intermediate: /Users/johnny/Music/Converted/mp3/残響散歌.flac
2026-07-26 13:26:43 [INFO] [decrypt] MONTAGEM REBOLA.ncm
2026-07-26 13:26:43 [DEBUG] [decrypt] cmd: /Users/johnny/Development/Projects/ncmdump/build/ncmdump "/Users/johnny/Music/网易云音乐/Atlxs,DJ FKU/MONTAGEM REBOLA/MONTAGEM REBOLA.ncm" -o "/Users/johnny/Music/Converted/mp3"
2026-07-26 13:26:43 [DEBUG] [decrypt] stdout: [1m[32m[Done] [0m'/Users/johnny/Music/网易云音乐/Atlxs,DJ FKU/MONTAGEM REBOLA/MONTAGEM REBOLA.ncm' -> '/Users/johnny/Music/Converted/mp3/MONTAGEM REBOLA.flac'
2026-07-26 13:26:43 [WARNING] [metadata] failed to parse /Users/johnny/Music/网易云音乐/Atlxs,DJ FKU/MONTAGEM REBOLA/MONTAGEM REBOLA.ncm: Extra data: line 1 column 474 (char 473)
2026-07-26 13:26:43 [INFO] [ffmpeg] MONTAGEM REBOLA.ncm -> mp3
2026-07-26 13:26:43 [DEBUG] [ffmpeg] cmd: ffmpeg -y -i /Users/johnny/Music/Converted/mp3/MONTAGEM REBOLA.flac -map 0:a -c:a libmp3lame -b:a 320k -metadata artist=Atlxs,DJ FKU -metadata album_artist=Atlxs,DJ FKU -metadata album=MONTAGEM REBOLA -metadata title=MONTAGEM REBOLA -id3v2_version 3 -write_id3v1 1 /Users/johnny/Music/Converted/mp3/MONTAGEM REBOLA.mp3
2026-07-26 13:26:44 [DEBUG] [ffmpeg] removed intermediate: /Users/johnny/Music/Converted/mp3/MONTAGEM REBOLA.flac
2026-07-26 13:26:44 [INFO] [decrypt] MONTAGEM YUME.ncm
2026-07-26 13:26:44 [DEBUG] [decrypt] cmd: /Users/johnny/Development/Projects/ncmdump/build/ncmdump "/Users/johnny/Music/网易云音乐/Bellyjay,KPHK/MONTAGEM YUME/MONTAGEM YUME.ncm" -o "/Users/johnny/Music/Converted/mp3"
2026-07-26 13:26:44 [DEBUG] [decrypt] stdout: [1m[33m[Warn] [0m'/Users/johnny/Music/网易云音乐/Bellyjay,KPHK/MONTAGEM YUME/MONTAGEM YUME.ncm' missing album can't fix album image!
[1m[32m[Done] [0m'/Users/johnny/Music/网易云音乐/Bellyjay,KPHK/MONTAGEM YUME/MONTAGEM YUME.ncm' -> '/Users/johnny/Music/Converted/mp3/MONTAGEM YUME.flac'
2026-07-26 13:26:44 [WARNING] [metadata] failed to parse /Users/johnny/Music/网易云音乐/Bellyjay,KPHK/MONTAGEM YUME/MONTAGEM YUME.ncm: Extra data: line 1 column 469 (char 468)
2026-07-26 13:26:44 [INFO] [ffmpeg] MONTAGEM YUME.ncm -> mp3
2026-07-26 13:26:44 [DEBUG] [ffmpeg] cmd: ffmpeg -y -i /Users/johnny/Music/Converted/mp3/MONTAGEM YUME.flac -map 0:a -c:a libmp3lame -b:a 320k -metadata artist=Bellyjay,KPHK -metadata album_artist=Bellyjay,KPHK -metadata album=MONTAGEM YUME -metadata title=MONTAGEM YUME -id3v2_version 3 -write_id3v1 1 /Users/johnny/Music/Converted/mp3/MONTAGEM YUME.mp3
2026-07-26 13:26:44 [DEBUG] [ffmpeg] removed intermediate: /Users/johnny/Music/Converted/mp3/MONTAGEM YUME.flac
2026-07-26 13:26:44 [INFO] [decrypt] MONTAGEM YORU.ncm
2026-07-26 13:26:44 [DEBUG] [decrypt] cmd: /Users/johnny/Development/Projects/ncmdump/build/ncmdump "/Users/johnny/Music/网易云音乐/DJ Portu,TRXVELER,KPHK/MONTAGEM YORU/MONTAGEM YORU.ncm" -o "/Users/johnny/Music/Converted/mp3"
2026-07-26 13:26:44 [DEBUG] [decrypt] stdout: [1m[33m[Warn] [0m'/Users/johnny/Music/网易云音乐/DJ Portu,TRXVELER,KPHK/MONTAGEM YORU/MONTAGEM YORU.ncm' missing album can't fix album image!
[1m[32m[Done] [0m'/Users/johnny/Music/网易云音乐/DJ Portu,TRXVELER,KPHK/MONTAGEM YORU/MONTAGEM YORU.ncm' -> '/Users/johnny/Music/Converted/mp3/MONTAGEM YORU.flac'
2026-07-26 13:26:44 [WARNING] [metadata] failed to parse /Users/johnny/Music/网易云音乐/DJ Portu,TRXVELER,KPHK/MONTAGEM YORU/MONTAGEM YORU.ncm: Extra data: line 1 column 492 (char 491)
2026-07-26 13:26:44 [INFO] [ffmpeg] MONTAGEM YORU.ncm -> mp3
2026-07-26 13:26:44 [DEBUG] [ffmpeg] cmd: ffmpeg -y -i /Users/johnny/Music/Converted/mp3/MONTAGEM YORU.flac -map 0:a -c:a libmp3lame -b:a 320k -metadata artist=DJ Portu,TRXVELER,KPHK -metadata album_artist=DJ Portu,TRXVELER,KPHK -metadata album=MONTAGEM YORU -metadata title=MONTAGEM YORU -id3v2_version 3 -write_id3v1 1 /Users/johnny/Music/Converted/mp3/MONTAGEM YORU.mp3
2026-07-26 13:26:45 [DEBUG] [ffmpeg] removed intermediate: /Users/johnny/Music/Converted/mp3/MONTAGEM YORU.flac
2026-07-26 13:26:45 [INFO] [decrypt] Moskau.ncm
2026-07-26 13:26:45 [DEBUG] [decrypt] cmd: /Users/johnny/Development/Projects/ncmdump/build/ncmdump "/Users/johnny/Music/网易云音乐/Dschinghis Khan/Dschinghis Khan/Moskau.ncm" -o "/Users/johnny/Music/Converted/mp3"
2026-07-26 13:26:45 [DEBUG] [decrypt] stdout: [1m[33m[Warn] [0m'/Users/johnny/Music/网易云音乐/Dschinghis Khan/Dschinghis Khan/Moskau.ncm' missing album can't fix album image!
[1m[32m[Done] [0m'/Users/johnny/Music/网易云音乐/Dschinghis Khan/Dschinghis Khan/Moskau.ncm' -> '/Users/johnny/Music/Converted/mp3/Moskau.mp3'
2026-07-26 13:26:45 [WARNING] [metadata] failed to parse /Users/johnny/Music/网易云音乐/Dschinghis Khan/Dschinghis Khan/Moskau.ncm: Extra data: line 1 column 446 (char 445)
2026-07-26 13:26:45 [INFO] [ffmpeg] Moskau.ncm -> mp3
2026-07-26 13:26:45 [DEBUG] [ffmpeg] cmd: ffmpeg -y -i /Users/johnny/Music/Converted/mp3/Moskau.mp3 -map 0:a -c:a libmp3lame -b:a 320k -metadata artist=Dschinghis Khan -metadata album_artist=Dschinghis Khan -metadata album=Dschinghis Khan -metadata title=Moskau -id3v2_version 3 -write_id3v1 1 /Users/johnny/Music/Converted/mp3/Moskau.mp3
2026-07-26 13:26:45 [ERROR] [ffmpeg] Moskau.ncm FAILED: 3/Moskau.mp3 same as Input #0 - exiting
FFmpeg cannot edit existing files in-place.
Error opening output file /Users/johnny/Music/Converted/mp3/Moskau.mp3.
Error opening output files: Invalid argument
2026-07-26 13:26:45 [INFO] [decrypt] Walk Away (Disphing Remix).ncm
2026-07-26 13:26:45 [DEBUG] [decrypt] cmd: /Users/johnny/Development/Projects/ncmdump/build/ncmdump "/Users/johnny/Music/网易云音乐/Eliminate/Walk Away Remixes/Walk Away (Disphing Remix).ncm" -o "/Users/johnny/Music/Converted/mp3"
2026-07-26 13:26:45 [DEBUG] [decrypt] stdout: [1m[32m[Done] [0m'/Users/johnny/Music/网易云音乐/Eliminate/Walk Away Remixes/Walk Away (Disphing Remix).ncm' -> '/Users/johnny/Music/Converted/mp3/Walk Away (Disphing Remix).flac'
2026-07-26 13:26:45 [DEBUG] [metadata] /Users/johnny/Music/网易云音乐/Eliminate/Walk Away Remixes/Walk Away (Disphing Remix).ncm: musicId=1958615706
2026-07-26 13:26:45 [DEBUG] [metadata] found cover: /Users/johnny/Music/网易云音乐/meta/track-1958615706.jpg
2026-07-26 13:26:45 [INFO] [cover] Walk Away (Disphing Remix).ncm -> track-1958615706.jpg
2026-07-26 13:26:45 [INFO] [ffmpeg] Walk Away (Disphing Remix).ncm -> mp3
2026-07-26 13:26:45 [DEBUG] [ffmpeg] cmd: ffmpeg -y -i /Users/johnny/Music/Converted/mp3/Walk Away (Disphing Remix).flac -i /Users/johnny/Music/网易云音乐/meta/track-1958615706.jpg -map 0:a -map 1:v -c:a libmp3lame -b:a 320k -disposition:v attached_pic -metadata artist=Eliminate -metadata album_artist=Eliminate -metadata album=Walk Away Remixes -metadata title=Walk Away (Disphing Remix) -id3v2_version 3 -write_id3v1 1 /Users/johnny/Music/Converted/mp3/Walk Away (Disphing Remix).mp3
2026-07-26 13:26:47 [DEBUG] [ffmpeg] removed intermediate: /Users/johnny/Music/Converted/mp3/Walk Away (Disphing Remix).flac
2026-07-26 13:26:47 [INFO] [decrypt] Moe Phonk.ncm
2026-07-26 13:26:47 [DEBUG] [decrypt] cmd: /Users/johnny/Development/Projects/ncmdump/build/ncmdump "/Users/johnny/Music/网易云音乐/Gaiyu/Moe Phonk/Moe Phonk.ncm" -o "/Users/johnny/Music/Converted/mp3"
2026-07-26 13:26:47 [DEBUG] [decrypt] stdout: [1m[32m[Done] [0m'/Users/johnny/Music/网易云音乐/Gaiyu/Moe Phonk/Moe Phonk.ncm' -> '/Users/johnny/Music/Converted/mp3/Moe Phonk.flac'
2026-07-26 13:26:47 [WARNING] [metadata] failed to parse /Users/johnny/Music/网易云音乐/Gaiyu/Moe Phonk/Moe Phonk.ncm: Extra data: line 1 column 440 (char 439)
2026-07-26 13:26:47 [INFO] [ffmpeg] Moe Phonk.ncm -> mp3
2026-07-26 13:26:47 [DEBUG] [ffmpeg] cmd: ffmpeg -y -i /Users/johnny/Music/Converted/mp3/Moe Phonk.flac -map 0:a -c:a libmp3lame -b:a 320k -metadata artist=Gaiyu -metadata album_artist=Gaiyu -metadata album=Moe Phonk -metadata title=Moe Phonk -id3v2_version 3 -write_id3v1 1 /Users/johnny/Music/Converted/mp3/Moe Phonk.mp3
2026-07-26 13:26:48 [DEBUG] [ffmpeg] removed intermediate: /Users/johnny/Music/Converted/mp3/Moe Phonk.flac
2026-07-26 13:26:48 [INFO] [decrypt] navy (abbey road studios version) [Bonus Track].ncm
2026-07-26 13:26:48 [DEBUG] [decrypt] cmd: /Users/johnny/Development/Projects/ncmdump/build/ncmdump "/Users/johnny/Music/网易云音乐/Gareth.T/THE PROTÉGÉ/navy (abbey road studios version) [Bonus Track].ncm" -o "/Users/johnny/Music/Converted/mp3"
2026-07-26 13:26:48 [DEBUG] [decrypt] stdout: [1m[32m[Done] [0m'/Users/johnny/Music/网易云音乐/Gareth.T/THE PROTÉGÉ/navy (abbey road studios version) [Bonus Track].ncm' -> '/Users/johnny/Music/Converted/mp3/navy (abbey road studios version) [Bonus Track].flac'
2026-07-26 13:26:48 [WARNING] [metadata] failed to parse /Users/johnny/Music/网易云音乐/Gareth.T/THE PROTÉGÉ/navy (abbey road studios version) [Bonus Track].ncm: Extra data: line 1 column 483 (char 482)
2026-07-26 13:26:48 [INFO] [ffmpeg] navy (abbey road studios version) [Bonus Track].ncm -> mp3
2026-07-26 13:26:48 [DEBUG] [ffmpeg] cmd: ffmpeg -y -i /Users/johnny/Music/Converted/mp3/navy (abbey road studios version) [Bonus Track].flac -map 0:a -c:a libmp3lame -b:a 320k -metadata artist=Gareth.T -metadata album_artist=Gareth.T -metadata album=THE PROTÉGÉ -metadata title=navy (abbey road studios version) [Bonus Track] -id3v2_version 3 -write_id3v1 1 /Users/johnny/Music/Converted/mp3/navy (abbey road studios version) [Bonus Track].mp3
2026-07-26 13:26:50 [DEBUG] [ffmpeg] removed intermediate: /Users/johnny/Music/Converted/mp3/navy (abbey road studios version) [Bonus Track].flac
2026-07-26 13:26:50 [INFO] [decrypt] ⁠千人操.ncm
2026-07-26 13:26:50 [DEBUG] [decrypt] cmd: /Users/johnny/Development/Projects/ncmdump/build/ncmdump "/Users/johnny/Music/网易云音乐/Gareth.T/THE PROTÉGÉ/⁠千人操.ncm" -o "/Users/johnny/Music/Converted/mp3"
2026-07-26 13:26:50 [DEBUG] [decrypt] stdout: [1m[32m[Done] [0m'/Users/johnny/Music/网易云音乐/Gareth.T/THE PROTÉGÉ/⁠千人操.ncm' -> '/Users/johnny/Music/Converted/mp3/⁠千人操.flac'
2026-07-26 13:26:50 [WARNING] [metadata] failed to parse /Users/johnny/Music/网易云音乐/Gareth.T/THE PROTÉGÉ/⁠千人操.ncm: Extra data: line 1 column 441 (char 440)
2026-07-26 13:26:50 [INFO] [ffmpeg] ⁠千人操.ncm -> mp3
2026-07-26 13:26:50 [DEBUG] [ffmpeg] cmd: ffmpeg -y -i /Users/johnny/Music/Converted/mp3/⁠千人操.flac -map 0:a -c:a libmp3lame -b:a 320k -metadata artist=Gareth.T -metadata album_artist=Gareth.T -metadata album=THE PROTÉGÉ -metadata title=⁠千人操 -id3v2_version 3 -write_id3v1 1 /Users/johnny/Music/Converted/mp3/⁠千人操.mp3
2026-07-26 13:26:51 [DEBUG] [ffmpeg] removed intermediate: /Users/johnny/Music/Converted/mp3/⁠千人操.flac
2026-07-26 13:26:51 [INFO] [decrypt] ⁠我很小朋友.ncm
2026-07-26 13:26:51 [DEBUG] [decrypt] cmd: /Users/johnny/Development/Projects/ncmdump/build/ncmdump "/Users/johnny/Music/网易云音乐/Gareth.T/THE PROTÉGÉ/⁠我很小朋友.ncm" -o "/Users/johnny/Music/Converted/mp3"
2026-07-26 13:26:51 [DEBUG] [decrypt] stdout: [1m[32m[Done] [0m'/Users/johnny/Music/网易云音乐/Gareth.T/THE PROTÉGÉ/⁠我很小朋友.ncm' -> '/Users/johnny/Music/Converted/mp3/⁠我很小朋友.flac'
2026-07-26 13:26:51 [WARNING] [metadata] failed to parse /Users/johnny/Music/网易云音乐/Gareth.T/THE PROTÉGÉ/⁠我很小朋友.ncm: Extra data: line 1 column 442 (char 441)
2026-07-26 13:26:51 [INFO] [ffmpeg] ⁠我很小朋友.ncm -> mp3
2026-07-26 13:26:51 [DEBUG] [ffmpeg] cmd: ffmpeg -y -i /Users/johnny/Music/Converted/mp3/⁠我很小朋友.flac -map 0:a -c:a libmp3lame -b:a 320k -metadata artist=Gareth.T -metadata album_artist=Gareth.T -metadata album=THE PROTÉGÉ -metadata title=⁠我很小朋友 -id3v2_version 3 -write_id3v1 1 /Users/johnny/Music/Converted/mp3/⁠我很小朋友.mp3
2026-07-26 13:26:53 [DEBUG] [ffmpeg] removed intermediate: /Users/johnny/Music/Converted/mp3/⁠我很小朋友.flac
2026-07-26 13:26:53 [INFO] [decrypt] 你都不知道 自己有多好.ncm
2026-07-26 13:26:53 [DEBUG] [decrypt] cmd: /Users/johnny/Development/Projects/ncmdump/build/ncmdump "/Users/johnny/Music/网易云音乐/Gareth.T/THE PROTÉGÉ/你都不知道 自己有多好.ncm" -o "/Users/johnny/Music/Converted/mp3"
2026-07-26 13:26:53 [DEBUG] [decrypt] stdout: [1m[32m[Done] [0m'/Users/johnny/Music/网易云音乐/Gareth.T/THE PROTÉGÉ/你都不知道 自己有多好.ncm' -> '/Users/johnny/Music/Converted/mp3/你都不知道 自己有多好.flac'
2026-07-26 13:26:53 [WARNING] [metadata] failed to parse /Users/johnny/Music/网易云音乐/Gareth.T/THE PROTÉGÉ/你都不知道 自己有多好.ncm: Extra data: line 1 column 455 (char 454)
2026-07-26 13:26:53 [INFO] [ffmpeg] 你都不知道 自己有多好.ncm -> mp3
2026-07-26 13:26:53 [DEBUG] [ffmpeg] cmd: ffmpeg -y -i /Users/johnny/Music/Converted/mp3/你都不知道 自己有多好.flac -map 0:a -c:a libmp3lame -b:a 320k -metadata artist=Gareth.T -metadata album_artist=Gareth.T -metadata album=THE PROTÉGÉ -metadata title=你都不知道 自己有多好 -id3v2_version 3 -write_id3v1 1 /Users/johnny/Music/Converted/mp3/你都不知道 自己有多好.mp3
2026-07-26 13:26:54 [DEBUG] [ffmpeg] removed intermediate: /Users/johnny/Music/Converted/mp3/你都不知道 自己有多好.flac
2026-07-26 13:26:54 [INFO] [decrypt] 偶像已死.ncm
2026-07-26 13:26:54 [DEBUG] [decrypt] cmd: /Users/johnny/Development/Projects/ncmdump/build/ncmdump "/Users/johnny/Music/网易云音乐/Gareth.T/THE PROTÉGÉ/偶像已死.ncm" -o "/Users/johnny/Music/Converted/mp3"
2026-07-26 13:26:54 [DEBUG] [decrypt] stdout: [1m[32m[Done] [0m'/Users/johnny/Music/网易云音乐/Gareth.T/THE PROTÉGÉ/偶像已死.ncm' -> '/Users/johnny/Music/Converted/mp3/偶像已死.flac'
2026-07-26 13:26:54 [WARNING] [metadata] failed to parse /Users/johnny/Music/网易云音乐/Gareth.T/THE PROTÉGÉ/偶像已死.ncm: Extra data: line 1 column 448 (char 447)
2026-07-26 13:26:54 [INFO] [ffmpeg] 偶像已死.ncm -> mp3
2026-07-26 13:26:54 [DEBUG] [ffmpeg] cmd: ffmpeg -y -i /Users/johnny/Music/Converted/mp3/偶像已死.flac -map 0:a -c:a libmp3lame -b:a 320k -metadata artist=Gareth.T -metadata album_artist=Gareth.T -metadata album=THE PROTÉGÉ -metadata title=偶像已死 -id3v2_version 3 -write_id3v1 1 /Users/johnny/Music/Converted/mp3/偶像已死.mp3
2026-07-26 13:26:56 [DEBUG] [ffmpeg] removed intermediate: /Users/johnny/Music/Converted/mp3/偶像已死.flac
2026-07-26 13:26:56 [INFO] [decrypt] 国际孤独等级.ncm
2026-07-26 13:26:56 [DEBUG] [decrypt] cmd: /Users/johnny/Development/Projects/ncmdump/build/ncmdump "/Users/johnny/Music/网易云音乐/Gareth.T/THE PROTÉGÉ/国际孤独等级.ncm" -o "/Users/johnny/Music/Converted/mp3"
2026-07-26 13:26:56 [DEBUG] [decrypt] stdout: [1m[33m[Warn] [0m'/Users/johnny/Music/网易云音乐/Gareth.T/THE PROTÉGÉ/国际孤独等级.ncm' missing album can't fix album image!
[1m[32m[Done] [0m'/Users/johnny/Music/网易云音乐/Gareth.T/THE PROTÉGÉ/国际孤独等级.ncm' -> '/Users/johnny/Music/Converted/mp3/国际孤独等级.flac'
2026-07-26 13:26:56 [WARNING] [metadata] failed to parse /Users/johnny/Music/网易云音乐/Gareth.T/THE PROTÉGÉ/国际孤独等级.ncm: Extra data: line 1 column 442 (char 441)
2026-07-26 13:26:56 [INFO] [ffmpeg] 国际孤独等级.ncm -> mp3
2026-07-26 13:26:56 [DEBUG] [ffmpeg] cmd: ffmpeg -y -i /Users/johnny/Music/Converted/mp3/国际孤独等级.flac -map 0:a -c:a libmp3lame -b:a 320k -metadata artist=Gareth.T -metadata album_artist=Gareth.T -metadata album=THE PROTÉGÉ -metadata title=国际孤独等级 -id3v2_version 3 -write_id3v1 1 /Users/johnny/Music/Converted/mp3/国际孤独等级.mp3
2026-07-26 13:26:57 [DEBUG] [ffmpeg] removed intermediate: /Users/johnny/Music/Converted/mp3/国际孤独等级.flac
2026-07-26 13:26:57 [INFO] [decrypt] 早到的u.ncm
2026-07-26 13:26:57 [DEBUG] [decrypt] cmd: /Users/johnny/Development/Projects/ncmdump/build/ncmdump "/Users/johnny/Music/网易云音乐/Gareth.T/THE PROTÉGÉ/早到的u.ncm" -o "/Users/johnny/Music/Converted/mp3"
2026-07-26 13:26:57 [DEBUG] [decrypt] stdout: [1m[32m[Done] [0m'/Users/johnny/Music/网易云音乐/Gareth.T/THE PROTÉGÉ/早到的u.ncm' -> '/Users/johnny/Music/Converted/mp3/早到的u.flac'
2026-07-26 13:26:57 [WARNING] [metadata] failed to parse /Users/johnny/Music/网易云音乐/Gareth.T/THE PROTÉGÉ/早到的u.ncm: Extra data: line 1 column 440 (char 439)
2026-07-26 13:26:57 [INFO] [ffmpeg] 早到的u.ncm -> mp3
2026-07-26 13:26:57 [DEBUG] [ffmpeg] cmd: ffmpeg -y -i /Users/johnny/Music/Converted/mp3/早到的u.flac -map 0:a -c:a libmp3lame -b:a 320k -metadata artist=Gareth.T -metadata album_artist=Gareth.T -metadata album=THE PROTÉGÉ -metadata title=早到的u -id3v2_version 3 -write_id3v1 1 /Users/johnny/Music/Converted/mp3/早到的u.mp3
2026-07-26 13:26:59 [DEBUG] [ffmpeg] removed intermediate: /Users/johnny/Music/Converted/mp3/早到的u.flac
2026-07-26 13:26:59 [INFO] [decrypt] 泥菩萨.ncm
2026-07-26 13:26:59 [DEBUG] [decrypt] cmd: /Users/johnny/Development/Projects/ncmdump/build/ncmdump "/Users/johnny/Music/网易云音乐/Gareth.T/THE PROTÉGÉ/泥菩萨.ncm" -o "/Users/johnny/Music/Converted/mp3"
2026-07-26 13:26:59 [DEBUG] [decrypt] stdout: [1m[32m[Done] [0m'/Users/johnny/Music/网易云音乐/Gareth.T/THE PROTÉGÉ/泥菩萨.ncm' -> '/Users/johnny/Music/Converted/mp3/泥菩萨.flac'
2026-07-26 13:26:59 [WARNING] [metadata] failed to parse /Users/johnny/Music/网易云音乐/Gareth.T/THE PROTÉGÉ/泥菩萨.ncm: Extra data: line 1 column 439 (char 438)
2026-07-26 13:26:59 [INFO] [ffmpeg] 泥菩萨.ncm -> mp3
2026-07-26 13:26:59 [DEBUG] [ffmpeg] cmd: ffmpeg -y -i /Users/johnny/Music/Converted/mp3/泥菩萨.flac -map 0:a -c:a libmp3lame -b:a 320k -metadata artist=Gareth.T -metadata album_artist=Gareth.T -metadata album=THE PROTÉGÉ -metadata title=泥菩萨 -id3v2_version 3 -write_id3v1 1 /Users/johnny/Music/Converted/mp3/泥菩萨.mp3
2026-07-26 13:27:00 [DEBUG] [ffmpeg] removed intermediate: /Users/johnny/Music/Converted/mp3/泥菩萨.flac
2026-07-26 13:27:00 [INFO] [decrypt] 用背脊唱情歌 (canon in d version) [Bonus Track].ncm
2026-07-26 13:27:00 [DEBUG] [decrypt] cmd: /Users/johnny/Development/Projects/ncmdump/build/ncmdump "/Users/johnny/Music/网易云音乐/Gareth.T/THE PROTÉGÉ/用背脊唱情歌 (canon in d version) [Bonus Track].ncm" -o "/Users/johnny/Music/Converted/mp3"
2026-07-26 13:27:01 [DEBUG] [decrypt] stdout: [1m[32m[Done] [0m'/Users/johnny/Music/网易云音乐/Gareth.T/THE PROTÉGÉ/用背脊唱情歌 (canon in d version) [Bonus Track].ncm' -> '/Users/johnny/Music/Converted/mp3/用背脊唱情歌 (canon in d version) [Bonus Track].flac'
2026-07-26 13:27:01 [WARNING] [metadata] failed to parse /Users/johnny/Music/网易云音乐/Gareth.T/THE PROTÉGÉ/用背脊唱情歌 (canon in d version) [Bonus Track].ncm: Extra data: line 1 column 477 (char 476)
2026-07-26 13:27:01 [INFO] [ffmpeg] 用背脊唱情歌 (canon in d version) [Bonus Track].ncm -> mp3
2026-07-26 13:27:01 [DEBUG] [ffmpeg] cmd: ffmpeg -y -i /Users/johnny/Music/Converted/mp3/用背脊唱情歌 (canon in d version) [Bonus Track].flac -map 0:a -c:a libmp3lame -b:a 320k -metadata artist=Gareth.T -metadata album_artist=Gareth.T -metadata album=THE PROTÉGÉ -metadata title=用背脊唱情歌 (canon in d version) [Bonus Track] -id3v2_version 3 -write_id3v1 1 /Users/johnny/Music/Converted/mp3/用背脊唱情歌 (canon in d version) [Bonus Track].mp3
2026-07-26 13:27:02 [DEBUG] [ffmpeg] removed intermediate: /Users/johnny/Music/Converted/mp3/用背脊唱情歌 (canon in d version) [Bonus Track].flac
2026-07-26 13:27:02 [INFO] [decrypt] 用背脊唱情歌.ncm
2026-07-26 13:27:02 [DEBUG] [decrypt] cmd: /Users/johnny/Development/Projects/ncmdump/build/ncmdump "/Users/johnny/Music/网易云音乐/Gareth.T/THE PROTÉGÉ/用背脊唱情歌.ncm" -o "/Users/johnny/Music/Converted/mp3"
2026-07-26 13:27:02 [DEBUG] [decrypt] stdout: [1m[32m[Done] [0m'/Users/johnny/Music/网易云音乐/Gareth.T/THE PROTÉGÉ/用背脊唱情歌.ncm' -> '/Users/johnny/Music/Converted/mp3/用背脊唱情歌.flac'
2026-07-26 13:27:02 [WARNING] [metadata] failed to parse /Users/johnny/Music/网易云音乐/Gareth.T/THE PROTÉGÉ/用背脊唱情歌.ncm: Extra data: line 1 column 450 (char 449)
2026-07-26 13:27:02 [INFO] [ffmpeg] 用背脊唱情歌.ncm -> mp3
2026-07-26 13:27:02 [DEBUG] [ffmpeg] cmd: ffmpeg -y -i /Users/johnny/Music/Converted/mp3/用背脊唱情歌.flac -map 0:a -c:a libmp3lame -b:a 320k -metadata artist=Gareth.T -metadata album_artist=Gareth.T -metadata album=THE PROTÉGÉ -metadata title=用背脊唱情歌 -id3v2_version 3 -write_id3v1 1 /Users/johnny/Music/Converted/mp3/用背脊唱情歌.mp3
2026-07-26 13:27:04 [DEBUG] [ffmpeg] removed intermediate: /Users/johnny/Music/Converted/mp3/用背脊唱情歌.flac
2026-07-26 13:27:04 [INFO] [decrypt] 碧麗宮.ncm
2026-07-26 13:27:04 [DEBUG] [decrypt] cmd: /Users/johnny/Development/Projects/ncmdump/build/ncmdump "/Users/johnny/Music/网易云音乐/Gareth.T/THE PROTÉGÉ/碧麗宮.ncm" -o "/Users/johnny/Music/Converted/mp3"
2026-07-26 13:27:04 [DEBUG] [decrypt] stdout: [1m[32m[Done] [0m'/Users/johnny/Music/网易云音乐/Gareth.T/THE PROTÉGÉ/碧麗宮.ncm' -> '/Users/johnny/Music/Converted/mp3/碧麗宮.flac'
2026-07-26 13:27:04 [WARNING] [metadata] failed to parse /Users/johnny/Music/网易云音乐/Gareth.T/THE PROTÉGÉ/碧麗宮.ncm: Extra data: line 1 column 439 (char 438)
2026-07-26 13:27:04 [INFO] [ffmpeg] 碧麗宮.ncm -> mp3
2026-07-26 13:27:04 [DEBUG] [ffmpeg] cmd: ffmpeg -y -i /Users/johnny/Music/Converted/mp3/碧麗宮.flac -map 0:a -c:a libmp3lame -b:a 320k -metadata artist=Gareth.T -metadata album_artist=Gareth.T -metadata album=THE PROTÉGÉ -metadata title=碧麗宮 -id3v2_version 3 -write_id3v1 1 /Users/johnny/Music/Converted/mp3/碧麗宮.mp3
2026-07-26 13:27:06 [DEBUG] [ffmpeg] removed intermediate: /Users/johnny/Music/Converted/mp3/碧麗宮.flac
2026-07-26 13:27:06 [INFO] [decrypt] 紧急联络人.ncm
2026-07-26 13:27:06 [DEBUG] [decrypt] cmd: /Users/johnny/Development/Projects/ncmdump/build/ncmdump "/Users/johnny/Music/网易云音乐/Gareth.T/THE PROTÉGÉ/紧急联络人.ncm" -o "/Users/johnny/Music/Converted/mp3"
2026-07-26 13:27:06 [DEBUG] [decrypt] stdout: [1m[32m[Done] [0m'/Users/johnny/Music/网易云音乐/Gareth.T/THE PROTÉGÉ/紧急联络人.ncm' -> '/Users/johnny/Music/Converted/mp3/紧急联络人.flac'
2026-07-26 13:27:06 [WARNING] [metadata] failed to parse /Users/johnny/Music/网易云音乐/Gareth.T/THE PROTÉGÉ/紧急联络人.ncm: Extra data: line 1 column 449 (char 448)
2026-07-26 13:27:06 [INFO] [ffmpeg] 紧急联络人.ncm -> mp3
2026-07-26 13:27:06 [DEBUG] [ffmpeg] cmd: ffmpeg -y -i /Users/johnny/Music/Converted/mp3/紧急联络人.flac -map 0:a -c:a libmp3lame -b:a 320k -metadata artist=Gareth.T -metadata album_artist=Gareth.T -metadata album=THE PROTÉGÉ -metadata title=紧急联络人 -id3v2_version 3 -write_id3v1 1 /Users/johnny/Music/Converted/mp3/紧急联络人.mp3
2026-07-26 13:27:07 [DEBUG] [ffmpeg] removed intermediate: /Users/johnny/Music/Converted/mp3/紧急联络人.flac
2026-07-26 13:27:07 [INFO] [decrypt] buzz cut.ncm
2026-07-26 13:27:07 [DEBUG] [decrypt] cmd: /Users/johnny/Development/Projects/ncmdump/build/ncmdump "/Users/johnny/Music/网易云音乐/Gareth.T/buzz cut/buzz cut.ncm" -o "/Users/johnny/Music/Converted/mp3"
2026-07-26 13:27:07 [DEBUG] [decrypt] stdout: [1m[32m[Done] [0m'/Users/johnny/Music/网易云音乐/Gareth.T/buzz cut/buzz cut.ncm' -> '/Users/johnny/Music/Converted/mp3/buzz cut.flac'
2026-07-26 13:27:07 [WARNING] [metadata] failed to parse /Users/johnny/Music/网易云音乐/Gareth.T/buzz cut/buzz cut.ncm: Extra data: line 1 column 448 (char 447)
2026-07-26 13:27:07 [INFO] [ffmpeg] buzz cut.ncm -> mp3
2026-07-26 13:27:07 [DEBUG] [ffmpeg] cmd: ffmpeg -y -i /Users/johnny/Music/Converted/mp3/buzz cut.flac -map 0:a -c:a libmp3lame -b:a 320k -metadata artist=Gareth.T -metadata album_artist=Gareth.T -metadata album=buzz cut -metadata title=buzz cut -id3v2_version 3 -write_id3v1 1 /Users/johnny/Music/Converted/mp3/buzz cut.mp3
2026-07-26 13:27:09 [DEBUG] [ffmpeg] removed intermediate: /Users/johnny/Music/Converted/mp3/buzz cut.flac
2026-07-26 13:27:09 [INFO] [decrypt] dinner in bed.ncm
2026-07-26 13:27:09 [DEBUG] [decrypt] cmd: /Users/johnny/Development/Projects/ncmdump/build/ncmdump "/Users/johnny/Music/网易云音乐/Gareth.T/dinner in bed/dinner in bed.ncm" -o "/Users/johnny/Music/Converted/mp3"
2026-07-26 13:27:09 [DEBUG] [decrypt] stdout: [1m[32m[Done] [0m'/Users/johnny/Music/网易云音乐/Gareth.T/dinner in bed/dinner in bed.ncm' -> '/Users/johnny/Music/Converted/mp3/dinner in bed.flac'
2026-07-26 13:27:09 [WARNING] [metadata] failed to parse /Users/johnny/Music/网易云音乐/Gareth.T/dinner in bed/dinner in bed.ncm: Extra data: line 1 column 459 (char 458)
2026-07-26 13:27:09 [INFO] [ffmpeg] dinner in bed.ncm -> mp3
2026-07-26 13:27:09 [DEBUG] [ffmpeg] cmd: ffmpeg -y -i /Users/johnny/Music/Converted/mp3/dinner in bed.flac -map 0:a -c:a libmp3lame -b:a 320k -metadata artist=Gareth.T -metadata album_artist=Gareth.T -metadata album=dinner in bed -metadata title=dinner in bed -id3v2_version 3 -write_id3v1 1 /Users/johnny/Music/Converted/mp3/dinner in bed.mp3
2026-07-26 13:27:10 [DEBUG] [ffmpeg] removed intermediate: /Users/johnny/Music/Converted/mp3/dinner in bed.flac
2026-07-26 13:27:10 [INFO] [decrypt] 玻璃.ncm
2026-07-26 13:27:10 [DEBUG] [decrypt] cmd: /Users/johnny/Development/Projects/ncmdump/build/ncmdump "/Users/johnny/Music/网易云音乐/Gareth.T/玻璃/玻璃.ncm" -o "/Users/johnny/Music/Converted/mp3"
2026-07-26 13:27:10 [DEBUG] [decrypt] stdout: [1m[32m[Done] [0m'/Users/johnny/Music/网易云音乐/Gareth.T/玻璃/玻璃.ncm' -> '/Users/johnny/Music/Converted/mp3/玻璃.flac'
2026-07-26 13:27:10 [WARNING] [metadata] failed to parse /Users/johnny/Music/网易云音乐/Gareth.T/玻璃/玻璃.ncm: Extra data: line 1 column 437 (char 436)
2026-07-26 13:27:10 [INFO] [ffmpeg] 玻璃.ncm -> mp3
2026-07-26 13:27:10 [DEBUG] [ffmpeg] cmd: ffmpeg -y -i /Users/johnny/Music/Converted/mp3/玻璃.flac -map 0:a -c:a libmp3lame -b:a 320k -metadata artist=Gareth.T -metadata album_artist=Gareth.T -metadata album=玻璃 -metadata title=玻璃 -id3v2_version 3 -write_id3v1 1 /Users/johnny/Music/Converted/mp3/玻璃.mp3
2026-07-26 13:27:11 [DEBUG] [ffmpeg] removed intermediate: /Users/johnny/Music/Converted/mp3/玻璃.flac
2026-07-26 13:27:11 [INFO] [decrypt] 跟悲伤结了帐.ncm
2026-07-26 13:27:11 [DEBUG] [decrypt] cmd: /Users/johnny/Development/Projects/ncmdump/build/ncmdump "/Users/johnny/Music/网易云音乐/Gareth.T,揽佬SKAI ISYOURGOD/跟悲伤结了帐/跟悲伤结了帐.ncm" -o "/Users/johnny/Music/Converted/mp3"
2026-07-26 13:27:12 [DEBUG] [decrypt] stdout: [1m[32m[Done] [0m'/Users/johnny/Music/网易云音乐/Gareth.T,揽佬SKAI ISYOURGOD/跟悲伤结了帐/跟悲伤结了帐.ncm' -> '/Users/johnny/Music/Converted/mp3/跟悲伤结了帐.flac'
2026-07-26 13:27:12 [WARNING] [metadata] failed to parse /Users/johnny/Music/网易云音乐/Gareth.T,揽佬SKAI ISYOURGOD/跟悲伤结了帐/跟悲伤结了帐.ncm: Extra data: line 1 column 478 (char 477)
2026-07-26 13:27:12 [INFO] [ffmpeg] 跟悲伤结了帐.ncm -> mp3
2026-07-26 13:27:12 [DEBUG] [ffmpeg] cmd: ffmpeg -y -i /Users/johnny/Music/Converted/mp3/跟悲伤结了帐.flac -map 0:a -c:a libmp3lame -b:a 320k -metadata artist=Gareth.T,揽佬SKAI ISYOURGOD -metadata album_artist=Gareth.T,揽佬SKAI ISYOURGOD -metadata album=跟悲伤结了帐 -metadata title=跟悲伤结了帐 -id3v2_version 3 -write_id3v1 1 /Users/johnny/Music/Converted/mp3/跟悲伤结了帐.mp3
2026-07-26 13:27:13 [DEBUG] [ffmpeg] removed intermediate: /Users/johnny/Music/Converted/mp3/跟悲伤结了帐.flac
2026-07-26 13:27:13 [INFO] [decrypt] Mad World (Radio Edit).ncm
2026-07-26 13:27:13 [DEBUG] [decrypt] cmd: /Users/johnny/Development/Projects/ncmdump/build/ncmdump "/Users/johnny/Music/网易云音乐/Hardwell,Jake Reese/Mad World/Mad World (Radio Edit).ncm" -o "/Users/johnny/Music/Converted/mp3"
2026-07-26 13:27:13 [DEBUG] [decrypt] stdout: [1m[32m[Done] [0m'/Users/johnny/Music/网易云音乐/Hardwell,Jake Reese/Mad World/Mad World (Radio Edit).ncm' -> '/Users/johnny/Music/Converted/mp3/Mad World (Radio Edit).flac'
2026-07-26 13:27:13 [WARNING] [metadata] failed to parse /Users/johnny/Music/网易云音乐/Hardwell,Jake Reese/Mad World/Mad World (Radio Edit).ncm: Extra data: line 1 column 479 (char 478)
2026-07-26 13:27:13 [INFO] [ffmpeg] Mad World (Radio Edit).ncm -> mp3
2026-07-26 13:27:13 [DEBUG] [ffmpeg] cmd: ffmpeg -y -i /Users/johnny/Music/Converted/mp3/Mad World (Radio Edit).flac -map 0:a -c:a libmp3lame -b:a 320k -metadata artist=Hardwell,Jake Reese -metadata album_artist=Hardwell,Jake Reese -metadata album=Mad World -metadata title=Mad World (Radio Edit) -id3v2_version 3 -write_id3v1 1 /Users/johnny/Music/Converted/mp3/Mad World (Radio Edit).mp3
2026-07-26 13:27:14 [DEBUG] [ffmpeg] removed intermediate: /Users/johnny/Music/Converted/mp3/Mad World (Radio Edit).flac
2026-07-26 13:27:14 [INFO] [decrypt] 穢土.ncm
2026-07-26 13:27:14 [DEBUG] [decrypt] cmd: /Users/johnny/Development/Projects/ncmdump/build/ncmdump "/Users/johnny/Music/网易云音乐/Iwamizu/Alone/穢土.ncm" -o "/Users/johnny/Music/Converted/mp3"
2026-07-26 13:27:14 [DEBUG] [decrypt] stdout: [1m[32m[Done] [0m'/Users/johnny/Music/网易云音乐/Iwamizu/Alone/穢土.ncm' -> '/Users/johnny/Music/Converted/mp3/穢土.flac'
2026-07-26 13:27:14 [WARNING] [metadata] failed to parse /Users/johnny/Music/网易云音乐/Iwamizu/Alone/穢土.ncm: Extra data: line 1 column 431 (char 430)
2026-07-26 13:27:14 [INFO] [ffmpeg] 穢土.ncm -> mp3
2026-07-26 13:27:14 [DEBUG] [ffmpeg] cmd: ffmpeg -y -i /Users/johnny/Music/Converted/mp3/穢土.flac -map 0:a -c:a libmp3lame -b:a 320k -metadata artist=Iwamizu -metadata album_artist=Iwamizu -metadata album=Alone -metadata title=穢土 -id3v2_version 3 -write_id3v1 1 /Users/johnny/Music/Converted/mp3/穢土.mp3
2026-07-26 13:27:16 [DEBUG] [ffmpeg] removed intermediate: /Users/johnny/Music/Converted/mp3/穢土.flac
2026-07-26 13:27:16 [INFO] [decrypt] 不怕孤寂.ncm
2026-07-26 13:27:16 [DEBUG] [decrypt] cmd: /Users/johnny/Development/Projects/ncmdump/build/ncmdump "/Users/johnny/Music/网易云音乐/JOYCE 就以斯/才华换桃花/不怕孤寂.ncm" -o "/Users/johnny/Music/Converted/mp3"
2026-07-26 13:27:16 [DEBUG] [decrypt] stdout: [1m[32m[Done] [0m'/Users/johnny/Music/网易云音乐/JOYCE 就以斯/才华换桃花/不怕孤寂.ncm' -> '/Users/johnny/Music/Converted/mp3/不怕孤寂.flac'
2026-07-26 13:27:16 [WARNING] [metadata] failed to parse /Users/johnny/Music/网易云音乐/JOYCE 就以斯/才华换桃花/不怕孤寂.ncm: Extra data: line 1 column 443 (char 442)
2026-07-26 13:27:16 [INFO] [ffmpeg] 不怕孤寂.ncm -> mp3
2026-07-26 13:27:16 [DEBUG] [ffmpeg] cmd: ffmpeg -y -i /Users/johnny/Music/Converted/mp3/不怕孤寂.flac -map 0:a -c:a libmp3lame -b:a 320k -metadata artist=JOYCE 就以斯 -metadata album_artist=JOYCE 就以斯 -metadata album=才华换桃花 -metadata title=不怕孤寂 -id3v2_version 3 -write_id3v1 1 /Users/johnny/Music/Converted/mp3/不怕孤寂.mp3
2026-07-26 13:27:18 [DEBUG] [ffmpeg] removed intermediate: /Users/johnny/Music/Converted/mp3/不怕孤寂.flac
2026-07-26 13:27:18 [INFO] [decrypt] 心跳119.ncm
2026-07-26 13:27:18 [DEBUG] [decrypt] cmd: /Users/johnny/Development/Projects/ncmdump/build/ncmdump "/Users/johnny/Music/网易云音乐/JOYCE 就以斯/才华换桃花/心跳119.ncm" -o "/Users/johnny/Music/Converted/mp3"
2026-07-26 13:27:18 [DEBUG] [decrypt] stdout: [1m[32m[Done] [0m'/Users/johnny/Music/网易云音乐/JOYCE 就以斯/才华换桃花/心跳119.ncm' -> '/Users/johnny/Music/Converted/mp3/心跳119.flac'
2026-07-26 13:27:18 [WARNING] [metadata] failed to parse /Users/johnny/Music/网易云音乐/JOYCE 就以斯/才华换桃花/心跳119.ncm: Extra data: line 1 column 450 (char 449)
2026-07-26 13:27:18 [INFO] [ffmpeg] 心跳119.ncm -> mp3
2026-07-26 13:27:18 [DEBUG] [ffmpeg] cmd: ffmpeg -y -i /Users/johnny/Music/Converted/mp3/心跳119.flac -map 0:a -c:a libmp3lame -b:a 320k -metadata artist=JOYCE 就以斯 -metadata album_artist=JOYCE 就以斯 -metadata album=才华换桃花 -metadata title=心跳119 -id3v2_version 3 -write_id3v1 1 /Users/johnny/Music/Converted/mp3/心跳119.mp3
2026-07-26 13:27:20 [DEBUG] [ffmpeg] removed intermediate: /Users/johnny/Music/Converted/mp3/心跳119.flac
2026-07-26 13:27:20 [INFO] [decrypt] Unlonely.ncm
2026-07-26 13:27:20 [DEBUG] [decrypt] cmd: /Users/johnny/Development/Projects/ncmdump/build/ncmdump "/Users/johnny/Music/网易云音乐/Jason Mraz/Know/Unlonely.ncm" -o "/Users/johnny/Music/Converted/mp3"
2026-07-26 13:27:20 [DEBUG] [decrypt] stdout: [1m[32m[Done] [0m'/Users/johnny/Music/网易云音乐/Jason Mraz/Know/Unlonely.ncm' -> '/Users/johnny/Music/Converted/mp3/Unlonely.flac'
2026-07-26 13:27:20 [WARNING] [metadata] failed to parse /Users/johnny/Music/网易云音乐/Jason Mraz/Know/Unlonely.ncm: Extra data: line 1 column 441 (char 440)
2026-07-26 13:27:20 [INFO] [ffmpeg] Unlonely.ncm -> mp3
2026-07-26 13:27:20 [DEBUG] [ffmpeg] cmd: ffmpeg -y -i /Users/johnny/Music/Converted/mp3/Unlonely.flac -map 0:a -c:a libmp3lame -b:a 320k -metadata artist=Jason Mraz -metadata album_artist=Jason Mraz -metadata album=Know -metadata title=Unlonely -id3v2_version 3 -write_id3v1 1 /Users/johnny/Music/Converted/mp3/Unlonely.mp3
2026-07-26 13:27:21 [DEBUG] [ffmpeg] removed intermediate: /Users/johnny/Music/Converted/mp3/Unlonely.flac
2026-07-26 13:27:21 [INFO] [decrypt] Vem Vem.ncm
2026-07-26 13:27:21 [DEBUG] [decrypt] cmd: /Users/johnny/Development/Projects/ncmdump/build/ncmdump "/Users/johnny/Music/网易云音乐/Jmilton,MC Xangai/Vem Vem/Vem Vem.ncm" -o "/Users/johnny/Music/Converted/mp3"
2026-07-26 13:27:21 [DEBUG] [decrypt] stdout: [1m[33m[Warn] [0m'/Users/johnny/Music/网易云音乐/Jmilton,MC Xangai/Vem Vem/Vem Vem.ncm' missing album can't fix album image!
[1m[32m[Done] [0m'/Users/johnny/Music/网易云音乐/Jmilton,MC Xangai/Vem Vem/Vem Vem.ncm' -> '/Users/johnny/Music/Converted/mp3/Vem Vem.flac'
2026-07-26 13:27:21 [WARNING] [metadata] failed to parse /Users/johnny/Music/网易云音乐/Jmilton,MC Xangai/Vem Vem/Vem Vem.ncm: Extra data: line 1 column 468 (char 467)
2026-07-26 13:27:21 [INFO] [ffmpeg] Vem Vem.ncm -> mp3
2026-07-26 13:27:21 [DEBUG] [ffmpeg] cmd: ffmpeg -y -i /Users/johnny/Music/Converted/mp3/Vem Vem.flac -map 0:a -c:a libmp3lame -b:a 320k -metadata artist=Jmilton,MC Xangai -metadata album_artist=Jmilton,MC Xangai -metadata album=Vem Vem -metadata title=Vem Vem -id3v2_version 3 -write_id3v1 1 /Users/johnny/Music/Converted/mp3/Vem Vem.mp3
2026-07-26 13:27:22 [DEBUG] [ffmpeg] removed intermediate: /Users/johnny/Music/Converted/mp3/Vem Vem.flac
2026-07-26 13:27:22 [INFO] [decrypt] Montagem Yuki.ncm
2026-07-26 13:27:22 [DEBUG] [decrypt] cmd: /Users/johnny/Development/Projects/ncmdump/build/ncmdump "/Users/johnny/Music/网易云音乐/KPHK/Montagem Yuki/Montagem Yuki.ncm" -o "/Users/johnny/Music/Converted/mp3"
2026-07-26 13:27:22 [DEBUG] [decrypt] stdout: [1m[33m[Warn] [0m'/Users/johnny/Music/网易云音乐/KPHK/Montagem Yuki/Montagem Yuki.ncm' missing album can't fix album image!
[1m[32m[Done] [0m'/Users/johnny/Music/网易云音乐/KPHK/Montagem Yuki/Montagem Yuki.ncm' -> '/Users/johnny/Music/Converted/mp3/Montagem Yuki.flac'
2026-07-26 13:27:22 [WARNING] [metadata] failed to parse /Users/johnny/Music/网易云音乐/KPHK/Montagem Yuki/Montagem Yuki.ncm: Extra data: line 1 column 445 (char 444)
2026-07-26 13:27:22 [INFO] [ffmpeg] Montagem Yuki.ncm -> mp3
2026-07-26 13:27:22 [DEBUG] [ffmpeg] cmd: ffmpeg -y -i /Users/johnny/Music/Converted/mp3/Montagem Yuki.flac -map 0:a -c:a libmp3lame -b:a 320k -metadata artist=KPHK -metadata album_artist=KPHK -metadata album=Montagem Yuki -metadata title=Montagem Yuki -id3v2_version 3 -write_id3v1 1 /Users/johnny/Music/Converted/mp3/Montagem Yuki.mp3
2026-07-26 13:27:23 [DEBUG] [ffmpeg] removed intermediate: /Users/johnny/Music/Converted/mp3/Montagem Yuki.flac
2026-07-26 13:27:23 [INFO] [decrypt] Come to Life.ncm
2026-07-26 13:27:23 [DEBUG] [decrypt] cmd: /Users/johnny/Development/Projects/ncmdump/build/ncmdump "/Users/johnny/Music/网易云音乐/Kanye West/Donda/Come to Life.ncm" -o "/Users/johnny/Music/Converted/mp3"
2026-07-26 13:27:23 [DEBUG] [decrypt] stdout: [1m[32m[Done] [0m'/Users/johnny/Music/网易云音乐/Kanye West/Donda/Come to Life.ncm' -> '/Users/johnny/Music/Converted/mp3/Come to Life.flac'
2026-07-26 13:27:23 [WARNING] [metadata] failed to parse /Users/johnny/Music/网易云音乐/Kanye West/Donda/Come to Life.ncm: Extra data: line 1 column 447 (char 446)
2026-07-26 13:27:23 [INFO] [ffmpeg] Come to Life.ncm -> mp3
2026-07-26 13:27:23 [DEBUG] [ffmpeg] cmd: ffmpeg -y -i /Users/johnny/Music/Converted/mp3/Come to Life.flac -map 0:a -c:a libmp3lame -b:a 320k -metadata artist=Kanye West -metadata album_artist=Kanye West -metadata album=Donda -metadata title=Come to Life -id3v2_version 3 -write_id3v1 1 /Users/johnny/Music/Converted/mp3/Come to Life.mp3
2026-07-26 13:27:25 [DEBUG] [ffmpeg] removed intermediate: /Users/johnny/Music/Converted/mp3/Come to Life.flac
2026-07-26 13:27:25 [INFO] [decrypt] Lord I Need You.ncm
2026-07-26 13:27:25 [DEBUG] [decrypt] cmd: /Users/johnny/Development/Projects/ncmdump/build/ncmdump "/Users/johnny/Music/网易云音乐/Kanye West/Donda/Lord I Need You.ncm" -o "/Users/johnny/Music/Converted/mp3"
2026-07-26 13:27:25 [DEBUG] [decrypt] stdout: [1m[32m[Done] [0m'/Users/johnny/Music/网易云音乐/Kanye West/Donda/Lord I Need You.ncm' -> '/Users/johnny/Music/Converted/mp3/Lord I Need You.flac'
2026-07-26 13:27:25 [WARNING] [metadata] failed to parse /Users/johnny/Music/网易云音乐/Kanye West/Donda/Lord I Need You.ncm: Extra data: line 1 column 443 (char 442)
2026-07-26 13:27:25 [INFO] [ffmpeg] Lord I Need You.ncm -> mp3
2026-07-26 13:27:25 [DEBUG] [ffmpeg] cmd: ffmpeg -y -i /Users/johnny/Music/Converted/mp3/Lord I Need You.flac -map 0:a -c:a libmp3lame -b:a 320k -metadata artist=Kanye West -metadata album_artist=Kanye West -metadata album=Donda -metadata title=Lord I Need You -id3v2_version 3 -write_id3v1 1 /Users/johnny/Music/Converted/mp3/Lord I Need You.mp3
2026-07-26 13:27:26 [DEBUG] [ffmpeg] removed intermediate: /Users/johnny/Music/Converted/mp3/Lord I Need You.flac
2026-07-26 13:27:26 [INFO] [decrypt] God Is.ncm
2026-07-26 13:27:26 [DEBUG] [decrypt] cmd: /Users/johnny/Development/Projects/ncmdump/build/ncmdump "/Users/johnny/Music/网易云音乐/Kanye West/JESUS IS KING/God Is.ncm" -o "/Users/johnny/Music/Converted/mp3"
2026-07-26 13:27:26 [DEBUG] [decrypt] stdout: [1m[32m[Done] [0m'/Users/johnny/Music/网易云音乐/Kanye West/JESUS IS KING/God Is.ncm' -> '/Users/johnny/Music/Converted/mp3/God Is.flac'
2026-07-26 13:27:26 [WARNING] [metadata] failed to parse /Users/johnny/Music/网易云音乐/Kanye West/JESUS IS KING/God Is.ncm: Extra data: line 1 column 441 (char 440)
2026-07-26 13:27:26 [INFO] [ffmpeg] God Is.ncm -> mp3
2026-07-26 13:27:26 [DEBUG] [ffmpeg] cmd: ffmpeg -y -i /Users/johnny/Music/Converted/mp3/God Is.flac -map 0:a -c:a libmp3lame -b:a 320k -metadata artist=Kanye West -metadata album_artist=Kanye West -metadata album=JESUS IS KING -metadata title=God Is -id3v2_version 3 -write_id3v1 1 /Users/johnny/Music/Converted/mp3/God Is.mp3
2026-07-26 13:27:28 [DEBUG] [ffmpeg] removed intermediate: /Users/johnny/Music/Converted/mp3/God Is.flac
2026-07-26 13:27:28 [INFO] [decrypt] POWER.ncm
2026-07-26 13:27:28 [DEBUG] [decrypt] cmd: /Users/johnny/Development/Projects/ncmdump/build/ncmdump "/Users/johnny/Music/网易云音乐/Kanye West/My Beautiful Dark Twisted Fantasy/POWER.ncm" -o "/Users/johnny/Music/Converted/mp3"
2026-07-26 13:27:28 [DEBUG] [decrypt] stdout: [1m[32m[Done] [0m'/Users/johnny/Music/网易云音乐/Kanye West/My Beautiful Dark Twisted Fantasy/POWER.ncm' -> '/Users/johnny/Music/Converted/mp3/POWER.flac'
2026-07-26 13:27:28 [WARNING] [metadata] failed to parse /Users/johnny/Music/网易云音乐/Kanye West/My Beautiful Dark Twisted Fantasy/POWER.ncm: Extra data: line 1 column 492 (char 491)
2026-07-26 13:27:28 [INFO] [ffmpeg] POWER.ncm -> mp3
2026-07-26 13:27:28 [DEBUG] [ffmpeg] cmd: ffmpeg -y -i /Users/johnny/Music/Converted/mp3/POWER.flac -map 0:a -c:a libmp3lame -b:a 320k -metadata artist=Kanye West -metadata album_artist=Kanye West -metadata album=My Beautiful Dark Twisted Fantasy -metadata title=POWER -id3v2_version 3 -write_id3v1 1 /Users/johnny/Music/Converted/mp3/POWER.mp3
2026-07-26 13:27:30 [DEBUG] [ffmpeg] removed intermediate: /Users/johnny/Music/Converted/mp3/POWER.flac
2026-07-26 13:27:30 [INFO] [decrypt] Family Business.ncm
2026-07-26 13:27:30 [DEBUG] [decrypt] cmd: /Users/johnny/Development/Projects/ncmdump/build/ncmdump "/Users/johnny/Music/网易云音乐/Kanye West/The College Dropout/Family Business.ncm" -o "/Users/johnny/Music/Converted/mp3"
2026-07-26 13:27:30 [DEBUG] [decrypt] stdout: [1m[32m[Done] [0m'/Users/johnny/Music/网易云音乐/Kanye West/The College Dropout/Family Business.ncm' -> '/Users/johnny/Music/Converted/mp3/Family Business.flac'
2026-07-26 13:27:30 [WARNING] [metadata] failed to parse /Users/johnny/Music/网易云音乐/Kanye West/The College Dropout/Family Business.ncm: Extra data: line 1 column 452 (char 451)
2026-07-26 13:27:30 [INFO] [ffmpeg] Family Business.ncm -> mp3
2026-07-26 13:27:30 [DEBUG] [ffmpeg] cmd: ffmpeg -y -i /Users/johnny/Music/Converted/mp3/Family Business.flac -map 0:a -c:a libmp3lame -b:a 320k -metadata artist=Kanye West -metadata album_artist=Kanye West -metadata album=The College Dropout -metadata title=Family Business -id3v2_version 3 -write_id3v1 1 /Users/johnny/Music/Converted/mp3/Family Business.mp3
2026-07-26 13:27:32 [DEBUG] [ffmpeg] removed intermediate: /Users/johnny/Music/Converted/mp3/Family Business.flac
2026-07-26 13:27:32 [INFO] [decrypt] We Don't Care.ncm
2026-07-26 13:27:32 [DEBUG] [decrypt] cmd: /Users/johnny/Development/Projects/ncmdump/build/ncmdump "/Users/johnny/Music/网易云音乐/Kanye West/The College Dropout/We Don't Care.ncm" -o "/Users/johnny/Music/Converted/mp3"
2026-07-26 13:27:32 [DEBUG] [decrypt] stdout: [1m[32m[Done] [0m'/Users/johnny/Music/网易云音乐/Kanye West/The College Dropout/We Don't Care.ncm' -> '/Users/johnny/Music/Converted/mp3/We Don't Care.flac'
2026-07-26 13:27:32 [DEBUG] [metadata] /Users/johnny/Music/网易云音乐/Kanye West/The College Dropout/We Don't Care.ncm: musicId=18969131
2026-07-26 13:27:32 [DEBUG] [metadata] found cover: /Users/johnny/Music/网易云音乐/meta/track-18969131.jpg
2026-07-26 13:27:32 [INFO] [cover] We Don't Care.ncm -> track-18969131.jpg
2026-07-26 13:27:32 [INFO] [ffmpeg] We Don't Care.ncm -> mp3
2026-07-26 13:27:32 [DEBUG] [ffmpeg] cmd: ffmpeg -y -i /Users/johnny/Music/Converted/mp3/We Don't Care.flac -i /Users/johnny/Music/网易云音乐/meta/track-18969131.jpg -map 0:a -map 1:v -c:a libmp3lame -b:a 320k -disposition:v attached_pic -metadata artist=Kanye West -metadata album_artist=Kanye West -metadata album=The College Dropout -metadata title=We Don't Care -id3v2_version 3 -write_id3v1 1 /Users/johnny/Music/Converted/mp3/We Don't Care.mp3
2026-07-26 13:27:34 [DEBUG] [ffmpeg] removed intermediate: /Users/johnny/Music/Converted/mp3/We Don't Care.flac
2026-07-26 13:27:34 [INFO] [decrypt] No Mistakes.ncm
2026-07-26 13:27:34 [DEBUG] [decrypt] cmd: /Users/johnny/Development/Projects/ncmdump/build/ncmdump "/Users/johnny/Music/网易云音乐/Kanye West/ye/No Mistakes.ncm" -o "/Users/johnny/Music/Converted/mp3"
2026-07-26 13:27:34 [DEBUG] [decrypt] stdout: [1m[32m[Done] [0m'/Users/johnny/Music/网易云音乐/Kanye West/ye/No Mistakes.ncm' -> '/Users/johnny/Music/Converted/mp3/No Mistakes.flac'
2026-07-26 13:27:34 [DEBUG] [metadata] /Users/johnny/Music/网易云音乐/Kanye West/ye/No Mistakes.ncm: musicId=570350027
2026-07-26 13:27:34 [DEBUG] [metadata] found cover: /Users/johnny/Music/网易云音乐/meta/track-570350027.jpg
2026-07-26 13:27:34 [INFO] [cover] No Mistakes.ncm -> track-570350027.jpg
2026-07-26 13:27:34 [INFO] [ffmpeg] No Mistakes.ncm -> mp3
2026-07-26 13:27:34 [DEBUG] [ffmpeg] cmd: ffmpeg -y -i /Users/johnny/Music/Converted/mp3/No Mistakes.flac -i /Users/johnny/Music/网易云音乐/meta/track-570350027.jpg -map 0:a -map 1:v -c:a libmp3lame -b:a 320k -disposition:v attached_pic -metadata artist=Kanye West -metadata album_artist=Kanye West -metadata album=ye -metadata title=No Mistakes -id3v2_version 3 -write_id3v1 1 /Users/johnny/Music/Converted/mp3/No Mistakes.mp3
2026-07-26 13:27:35 [DEBUG] [ffmpeg] removed intermediate: /Users/johnny/Music/Converted/mp3/No Mistakes.flac
2026-07-26 13:27:35 [INFO] [decrypt] Violent Crimes.ncm
2026-07-26 13:27:35 [DEBUG] [decrypt] cmd: /Users/johnny/Development/Projects/ncmdump/build/ncmdump "/Users/johnny/Music/网易云音乐/Kanye West/ye/Violent Crimes.ncm" -o "/Users/johnny/Music/Converted/mp3"
2026-07-26 13:27:35 [DEBUG] [decrypt] stdout: [1m[32m[Done] [0m'/Users/johnny/Music/网易云音乐/Kanye West/ye/Violent Crimes.ncm' -> '/Users/johnny/Music/Converted/mp3/Violent Crimes.flac'
2026-07-26 13:27:35 [WARNING] [metadata] failed to parse /Users/johnny/Music/网易云音乐/Kanye West/ye/Violent Crimes.ncm: Extra data: line 1 column 443 (char 442)
2026-07-26 13:27:35 [INFO] [ffmpeg] Violent Crimes.ncm -> mp3
2026-07-26 13:27:35 [DEBUG] [ffmpeg] cmd: ffmpeg -y -i /Users/johnny/Music/Converted/mp3/Violent Crimes.flac -map 0:a -c:a libmp3lame -b:a 320k -metadata artist=Kanye West -metadata album_artist=Kanye West -metadata album=ye -metadata title=Violent Crimes -id3v2_version 3 -write_id3v1 1 /Users/johnny/Music/Converted/mp3/Violent Crimes.mp3
2026-07-26 13:27:36 [DEBUG] [ffmpeg] removed intermediate: /Users/johnny/Music/Converted/mp3/Violent Crimes.flac
2026-07-26 13:27:36 [INFO] [decrypt] Ultralight Beam.ncm
2026-07-26 13:27:36 [DEBUG] [decrypt] cmd: /Users/johnny/Development/Projects/ncmdump/build/ncmdump "/Users/johnny/Music/网易云音乐/Kanye West,Chance the Rapper,Kirk Franklin/The Life Of Pablo/Ultralight Beam.ncm" -o "/Users/johnny/Music/Converted/mp3"
2026-07-26 13:27:36 [DEBUG] [decrypt] stdout: [1m[32m[Done] [0m'/Users/johnny/Music/网易云音乐/Kanye West,Chance the Rapper,Kirk Franklin/The Life Of Pablo/Ultralight Beam.ncm' -> '/Users/johnny/Music/Converted/mp3/Ultralight Beam.flac'
2026-07-26 13:27:36 [WARNING] [metadata] failed to parse /Users/johnny/Music/网易云音乐/Kanye West,Chance the Rapper,Kirk Franklin/The Life Of Pablo/Ultralight Beam.ncm: Extra data: line 1 column 564 (char 563)
2026-07-26 13:27:36 [INFO] [ffmpeg] Ultralight Beam.ncm -> mp3
2026-07-26 13:27:36 [DEBUG] [ffmpeg] cmd: ffmpeg -y -i /Users/johnny/Music/Converted/mp3/Ultralight Beam.flac -map 0:a -c:a libmp3lame -b:a 320k -metadata artist=Kanye West,Chance the Rapper,Kirk Franklin -metadata album_artist=Kanye West,Chance the Rapper,Kirk Franklin -metadata album=The Life Of Pablo -metadata title=Ultralight Beam -id3v2_version 3 -write_id3v1 1 /Users/johnny/Music/Converted/mp3/Ultralight Beam.mp3
2026-07-26 13:27:38 [DEBUG] [ffmpeg] removed intermediate: /Users/johnny/Music/Converted/mp3/Ultralight Beam.flac
2026-07-26 13:27:38 [INFO] [decrypt] Touch The Sky.ncm
2026-07-26 13:27:38 [DEBUG] [decrypt] cmd: /Users/johnny/Development/Projects/ncmdump/build/ncmdump "/Users/johnny/Music/网易云音乐/Kanye West,Lupe Fiasco/Late Registration/Touch The Sky.ncm" -o "/Users/johnny/Music/Converted/mp3"
2026-07-26 13:27:38 [DEBUG] [decrypt] stdout: [1m[33m[Warn] [0m'/Users/johnny/Music/网易云音乐/Kanye West,Lupe Fiasco/Late Registration/Touch The Sky.ncm' missing album can't fix album image!
[1m[32m[Done] [0m'/Users/johnny/Music/网易云音乐/Kanye West,Lupe Fiasco/Late Registration/Touch The Sky.ncm' -> '/Users/johnny/Music/Converted/mp3/Touch The Sky.flac'
2026-07-26 13:27:38 [WARNING] [metadata] failed to parse /Users/johnny/Music/网易云音乐/Kanye West,Lupe Fiasco/Late Registration/Touch The Sky.ncm: Extra data: line 1 column 480 (char 479)
2026-07-26 13:27:38 [INFO] [ffmpeg] Touch The Sky.ncm -> mp3
2026-07-26 13:27:38 [DEBUG] [ffmpeg] cmd: ffmpeg -y -i /Users/johnny/Music/Converted/mp3/Touch The Sky.flac -map 0:a -c:a libmp3lame -b:a 320k -metadata artist=Kanye West,Lupe Fiasco -metadata album_artist=Kanye West,Lupe Fiasco -metadata album=Late Registration -metadata title=Touch The Sky -id3v2_version 3 -write_id3v1 1 /Users/johnny/Music/Converted/mp3/Touch The Sky.mp3
2026-07-26 13:27:40 [DEBUG] [ffmpeg] removed intermediate: /Users/johnny/Music/Converted/mp3/Touch The Sky.flac
2026-07-26 13:27:40 [INFO] [decrypt] Ghost Town.ncm
2026-07-26 13:27:40 [DEBUG] [decrypt] cmd: /Users/johnny/Development/Projects/ncmdump/build/ncmdump "/Users/johnny/Music/网易云音乐/Kanye West,PARTYNEXTDOOR/ye/Ghost Town.ncm" -o "/Users/johnny/Music/Converted/mp3"
2026-07-26 13:27:40 [DEBUG] [decrypt] stdout: [1m[32m[Done] [0m'/Users/johnny/Music/网易云音乐/Kanye West,PARTYNEXTDOOR/ye/Ghost Town.ncm' -> '/Users/johnny/Music/Converted/mp3/Ghost Town.flac'
2026-07-26 13:27:40 [WARNING] [metadata] failed to parse /Users/johnny/Music/网易云音乐/Kanye West,PARTYNEXTDOOR/ye/Ghost Town.ncm: Extra data: line 1 column 460 (char 459)
2026-07-26 13:27:40 [INFO] [ffmpeg] Ghost Town.ncm -> mp3
2026-07-26 13:27:40 [DEBUG] [ffmpeg] cmd: ffmpeg -y -i /Users/johnny/Music/Converted/mp3/Ghost Town.flac -map 0:a -c:a libmp3lame -b:a 320k -metadata artist=Kanye West,PARTYNEXTDOOR -metadata album_artist=Kanye West,PARTYNEXTDOOR -metadata album=ye -metadata title=Ghost Town -id3v2_version 3 -write_id3v1 1 /Users/johnny/Music/Converted/mp3/Ghost Town.mp3
2026-07-26 13:27:42 [DEBUG] [ffmpeg] removed intermediate: /Users/johnny/Music/Converted/mp3/Ghost Town.flac
2026-07-26 13:27:42 [INFO] [decrypt] Only One.ncm
2026-07-26 13:27:42 [DEBUG] [decrypt] cmd: /Users/johnny/Development/Projects/ncmdump/build/ncmdump "/Users/johnny/Music/网易云音乐/Kanye West,Paul McCartney/Only One/Only One.ncm" -o "/Users/johnny/Music/Converted/mp3"
2026-07-26 13:27:42 [DEBUG] [decrypt] stdout: [1m[32m[Done] [0m'/Users/johnny/Music/网易云音乐/Kanye West,Paul McCartney/Only One/Only One.ncm' -> '/Users/johnny/Music/Converted/mp3/Only One.flac'
2026-07-26 13:27:42 [WARNING] [metadata] failed to parse /Users/johnny/Music/网易云音乐/Kanye West,Paul McCartney/Only One/Only One.ncm: Extra data: line 1 column 461 (char 460)
2026-07-26 13:27:42 [INFO] [ffmpeg] Only One.ncm -> mp3
2026-07-26 13:27:42 [DEBUG] [ffmpeg] cmd: ffmpeg -y -i /Users/johnny/Music/Converted/mp3/Only One.flac -map 0:a -c:a libmp3lame -b:a 320k -metadata artist=Kanye West,Paul McCartney -metadata album_artist=Kanye West,Paul McCartney -metadata album=Only One -metadata title=Only One -id3v2_version 3 -write_id3v1 1 /Users/johnny/Music/Converted/mp3/Only One.mp3
2026-07-26 13:27:44 [DEBUG] [ffmpeg] removed intermediate: /Users/johnny/Music/Converted/mp3/Only One.flac
2026-07-26 13:27:44 [INFO] [decrypt] Runaway.ncm
2026-07-26 13:27:44 [DEBUG] [decrypt] cmd: /Users/johnny/Development/Projects/ncmdump/build/ncmdump "/Users/johnny/Music/网易云音乐/Kanye West,Pusha T/My Beautiful Dark Twisted Fantasy/Runaway.ncm" -o "/Users/johnny/Music/Converted/mp3"
2026-07-26 13:27:44 [DEBUG] [decrypt] stdout: [1m[32m[Done] [0m'/Users/johnny/Music/网易云音乐/Kanye West,Pusha T/My Beautiful Dark Twisted Fantasy/Runaway.ncm' -> '/Users/johnny/Music/Converted/mp3/Runaway.flac'
2026-07-26 13:27:44 [WARNING] [metadata] failed to parse /Users/johnny/Music/网易云音乐/Kanye West,Pusha T/My Beautiful Dark Twisted Fantasy/Runaway.ncm: Extra data: line 1 column 486 (char 485)
2026-07-26 13:27:44 [INFO] [ffmpeg] Runaway.ncm -> mp3
2026-07-26 13:27:44 [DEBUG] [ffmpeg] cmd: ffmpeg -y -i /Users/johnny/Music/Converted/mp3/Runaway.flac -map 0:a -c:a libmp3lame -b:a 320k -metadata artist=Kanye West,Pusha T -metadata album_artist=Kanye West,Pusha T -metadata album=My Beautiful Dark Twisted Fantasy -metadata title=Runaway -id3v2_version 3 -write_id3v1 1 /Users/johnny/Music/Converted/mp3/Runaway.mp3
2026-07-26 13:27:48 [DEBUG] [ffmpeg] removed intermediate: /Users/johnny/Music/Converted/mp3/Runaway.flac
2026-07-26 13:27:48 [INFO] [decrypt] Saint Pablo.ncm
2026-07-26 13:27:48 [DEBUG] [decrypt] cmd: /Users/johnny/Development/Projects/ncmdump/build/ncmdump "/Users/johnny/Music/网易云音乐/Kanye West,Sampha/The Life Of Pablo/Saint Pablo.ncm" -o "/Users/johnny/Music/Converted/mp3"
2026-07-26 13:27:48 [DEBUG] [decrypt] stdout: [1m[32m[Done] [0m'/Users/johnny/Music/网易云音乐/Kanye West,Sampha/The Life Of Pablo/Saint Pablo.ncm' -> '/Users/johnny/Music/Converted/mp3/Saint Pablo.flac'
2026-07-26 13:27:48 [WARNING] [metadata] failed to parse /Users/johnny/Music/网易云音乐/Kanye West,Sampha/The Life Of Pablo/Saint Pablo.ncm: Extra data: line 1 column 469 (char 468)
2026-07-26 13:27:48 [INFO] [ffmpeg] Saint Pablo.ncm -> mp3
2026-07-26 13:27:48 [DEBUG] [ffmpeg] cmd: ffmpeg -y -i /Users/johnny/Music/Converted/mp3/Saint Pablo.flac -map 0:a -c:a libmp3lame -b:a 320k -metadata artist=Kanye West,Sampha -metadata album_artist=Kanye West,Sampha -metadata album=The Life Of Pablo -metadata title=Saint Pablo -id3v2_version 3 -write_id3v1 1 /Users/johnny/Music/Converted/mp3/Saint Pablo.mp3
2026-07-26 13:27:50 [DEBUG] [ffmpeg] removed intermediate: /Users/johnny/Music/Converted/mp3/Saint Pablo.flac
2026-07-26 13:27:50 [INFO] [decrypt] Every Hour.ncm
2026-07-26 13:27:50 [DEBUG] [decrypt] cmd: /Users/johnny/Development/Projects/ncmdump/build/ncmdump "/Users/johnny/Music/网易云音乐/Kanye West,Sunday Service Choir/JESUS IS KING/Every Hour.ncm" -o "/Users/johnny/Music/Converted/mp3"
2026-07-26 13:27:50 [DEBUG] [decrypt] stdout: [1m[32m[Done] [0m'/Users/johnny/Music/网易云音乐/Kanye West,Sunday Service Choir/JESUS IS KING/Every Hour.ncm' -> '/Users/johnny/Music/Converted/mp3/Every Hour.flac'
2026-07-26 13:27:50 [WARNING] [metadata] failed to parse /Users/johnny/Music/网易云音乐/Kanye West,Sunday Service Choir/JESUS IS KING/Every Hour.ncm: Extra data: line 1 column 480 (char 479)
2026-07-26 13:27:50 [INFO] [ffmpeg] Every Hour.ncm -> mp3
2026-07-26 13:27:50 [DEBUG] [ffmpeg] cmd: ffmpeg -y -i /Users/johnny/Music/Converted/mp3/Every Hour.flac -map 0:a -c:a libmp3lame -b:a 320k -metadata artist=Kanye West,Sunday Service Choir -metadata album_artist=Kanye West,Sunday Service Choir -metadata album=JESUS IS KING -metadata title=Every Hour -id3v2_version 3 -write_id3v1 1 /Users/johnny/Music/Converted/mp3/Every Hour.mp3
2026-07-26 13:27:51 [DEBUG] [ffmpeg] removed intermediate: /Users/johnny/Music/Converted/mp3/Every Hour.flac
2026-07-26 13:27:51 [INFO] [decrypt] Slow Jamz.ncm
2026-07-26 13:27:51 [DEBUG] [decrypt] cmd: /Users/johnny/Development/Projects/ncmdump/build/ncmdump "/Users/johnny/Music/网易云音乐/Kanye West,Twista,Jamie Foxx/The College Dropout/Slow Jamz.ncm" -o "/Users/johnny/Music/Converted/mp3"
2026-07-26 13:27:51 [DEBUG] [decrypt] stdout: [1m[32m[Done] [0m'/Users/johnny/Music/网易云音乐/Kanye West,Twista,Jamie Foxx/The College Dropout/Slow Jamz.ncm' -> '/Users/johnny/Music/Converted/mp3/Slow Jamz.flac'
2026-07-26 13:27:51 [WARNING] [metadata] failed to parse /Users/johnny/Music/网易云音乐/Kanye West,Twista,Jamie Foxx/The College Dropout/Slow Jamz.ncm: Extra data: line 1 column 488 (char 487)
2026-07-26 13:27:51 [INFO] [ffmpeg] Slow Jamz.ncm -> mp3
2026-07-26 13:27:51 [DEBUG] [ffmpeg] cmd: ffmpeg -y -i /Users/johnny/Music/Converted/mp3/Slow Jamz.flac -map 0:a -c:a libmp3lame -b:a 320k -metadata artist=Kanye West,Twista,Jamie Foxx -metadata album_artist=Kanye West,Twista,Jamie Foxx -metadata album=The College Dropout -metadata title=Slow Jamz -id3v2_version 3 -write_id3v1 1 /Users/johnny/Music/Converted/mp3/Slow Jamz.mp3
2026-07-26 13:27:54 [DEBUG] [ffmpeg] removed intermediate: /Users/johnny/Music/Converted/mp3/Slow Jamz.flac
2026-07-26 13:27:54 [INFO] [decrypt] True Love.ncm
2026-07-26 13:27:54 [DEBUG] [decrypt] cmd: /Users/johnny/Development/Projects/ncmdump/build/ncmdump "/Users/johnny/Music/网易云音乐/Kanye West,XXXTENTACION/True Love/True Love.ncm" -o "/Users/johnny/Music/Converted/mp3"
2026-07-26 13:27:54 [DEBUG] [decrypt] stdout: [1m[32m[Done] [0m'/Users/johnny/Music/网易云音乐/Kanye West,XXXTENTACION/True Love/True Love.ncm' -> '/Users/johnny/Music/Converted/mp3/True Love.flac'
2026-07-26 13:27:54 [WARNING] [metadata] failed to parse /Users/johnny/Music/网易云音乐/Kanye West,XXXTENTACION/True Love/True Love.ncm: Extra data: line 1 column 468 (char 467)
2026-07-26 13:27:54 [INFO] [ffmpeg] True Love.ncm -> mp3
2026-07-26 13:27:54 [DEBUG] [ffmpeg] cmd: ffmpeg -y -i /Users/johnny/Music/Converted/mp3/True Love.flac -map 0:a -c:a libmp3lame -b:a 320k -metadata artist=Kanye West,XXXTENTACION -metadata album_artist=Kanye West,XXXTENTACION -metadata album=True Love -metadata title=True Love -id3v2_version 3 -write_id3v1 1 /Users/johnny/Music/Converted/mp3/True Love.mp3
2026-07-26 13:27:55 [DEBUG] [ffmpeg] removed intermediate: /Users/johnny/Music/Converted/mp3/True Love.flac
2026-07-26 13:27:55 [INFO] [decrypt] HUMBLE.ncm
2026-07-26 13:27:55 [DEBUG] [decrypt] cmd: /Users/johnny/Development/Projects/ncmdump/build/ncmdump "/Users/johnny/Music/网易云音乐/Kendrick Lamar/HUMBLE/HUMBLE.ncm" -o "/Users/johnny/Music/Converted/mp3"
2026-07-26 13:27:55 [DEBUG] [decrypt] stdout: [1m[32m[Done] [0m'/Users/johnny/Music/网易云音乐/Kendrick Lamar/HUMBLE/HUMBLE.ncm' -> '/Users/johnny/Music/Converted/mp3/HUMBLE.flac'
2026-07-26 13:27:55 [WARNING] [metadata] failed to parse /Users/johnny/Music/网易云音乐/Kendrick Lamar/HUMBLE/HUMBLE.ncm: Extra data: line 1 column 442 (char 441)
2026-07-26 13:27:55 [INFO] [ffmpeg] HUMBLE.ncm -> mp3
2026-07-26 13:27:55 [DEBUG] [ffmpeg] cmd: ffmpeg -y -i /Users/johnny/Music/Converted/mp3/HUMBLE.flac -map 0:a -c:a libmp3lame -b:a 320k -metadata artist=Kendrick Lamar -metadata album_artist=Kendrick Lamar -metadata album=HUMBLE -metadata title=HUMBLE -id3v2_version 3 -write_id3v1 1 /Users/johnny/Music/Converted/mp3/HUMBLE.mp3
2026-07-26 13:27:56 [DEBUG] [ffmpeg] removed intermediate: /Users/johnny/Music/Converted/mp3/HUMBLE.flac
2026-07-26 13:27:56 [INFO] [decrypt] N95.ncm
2026-07-26 13:27:56 [DEBUG] [decrypt] cmd: /Users/johnny/Development/Projects/ncmdump/build/ncmdump "/Users/johnny/Music/网易云音乐/Kendrick Lamar/Mr. Morale & The Big Steppers/N95.ncm" -o "/Users/johnny/Music/Converted/mp3"
2026-07-26 13:27:56 [DEBUG] [decrypt] stdout: [1m[32m[Done] [0m'/Users/johnny/Music/网易云音乐/Kendrick Lamar/Mr. Morale & The Big Steppers/N95.ncm' -> '/Users/johnny/Music/Converted/mp3/N95.flac'
2026-07-26 13:27:56 [WARNING] [metadata] failed to parse /Users/johnny/Music/网易云音乐/Kendrick Lamar/Mr. Morale & The Big Steppers/N95.ncm: Extra data: line 1 column 467 (char 466)
2026-07-26 13:27:56 [INFO] [ffmpeg] N95.ncm -> mp3
2026-07-26 13:27:56 [DEBUG] [ffmpeg] cmd: ffmpeg -y -i /Users/johnny/Music/Converted/mp3/N95.flac -map 0:a -c:a libmp3lame -b:a 320k -metadata artist=Kendrick Lamar -metadata album_artist=Kendrick Lamar -metadata album=Mr. Morale & The Big Steppers -metadata title=N95 -id3v2_version 3 -write_id3v1 1 /Users/johnny/Music/Converted/mp3/N95.mp3
2026-07-26 13:27:57 [DEBUG] [ffmpeg] removed intermediate: /Users/johnny/Music/Converted/mp3/N95.flac
2026-07-26 13:27:57 [INFO] [decrypt] Not Like Us.ncm
2026-07-26 13:27:57 [DEBUG] [decrypt] cmd: /Users/johnny/Development/Projects/ncmdump/build/ncmdump "/Users/johnny/Music/网易云音乐/Kendrick Lamar/Not Like Us/Not Like Us.ncm" -o "/Users/johnny/Music/Converted/mp3"
2026-07-26 13:27:57 [DEBUG] [decrypt] stdout: [1m[33m[Warn] [0m'/Users/johnny/Music/网易云音乐/Kendrick Lamar/Not Like Us/Not Like Us.ncm' missing album can't fix album image!
[1m[32m[Done] [0m'/Users/johnny/Music/网易云音乐/Kendrick Lamar/Not Like Us/Not Like Us.ncm' -> '/Users/johnny/Music/Converted/mp3/Not Like Us.flac'
2026-07-26 13:27:57 [WARNING] [metadata] failed to parse /Users/johnny/Music/网易云音乐/Kendrick Lamar/Not Like Us/Not Like Us.ncm: Extra data: line 1 column 455 (char 454)
2026-07-26 13:27:57 [INFO] [ffmpeg] Not Like Us.ncm -> mp3
2026-07-26 13:27:57 [DEBUG] [ffmpeg] cmd: ffmpeg -y -i /Users/johnny/Music/Converted/mp3/Not Like Us.flac -map 0:a -c:a libmp3lame -b:a 320k -metadata artist=Kendrick Lamar -metadata album_artist=Kendrick Lamar -metadata album=Not Like Us -metadata title=Not Like Us -id3v2_version 3 -write_id3v1 1 /Users/johnny/Music/Converted/mp3/Not Like Us.mp3
2026-07-26 13:27:59 [DEBUG] [ffmpeg] removed intermediate: /Users/johnny/Music/Converted/mp3/Not Like Us.flac
2026-07-26 13:27:59 [INFO] [decrypt] tv off.ncm
2026-07-26 13:27:59 [DEBUG] [decrypt] cmd: /Users/johnny/Development/Projects/ncmdump/build/ncmdump "/Users/johnny/Music/网易云音乐/Kendrick Lamar,Gunplay/GNX/tv off.ncm" -o "/Users/johnny/Music/Converted/mp3"
2026-07-26 13:27:59 [DEBUG] [decrypt] stdout: [1m[32m[Done] [0m'/Users/johnny/Music/网易云音乐/Kendrick Lamar,Gunplay/GNX/tv off.ncm' -> '/Users/johnny/Music/Converted/mp3/tv off.flac'
2026-07-26 13:27:59 [WARNING] [metadata] failed to parse /Users/johnny/Music/网易云音乐/Kendrick Lamar,Gunplay/GNX/tv off.ncm: Extra data: line 1 column 456 (char 455)
2026-07-26 13:27:59 [INFO] [ffmpeg] tv off.ncm -> mp3
2026-07-26 13:27:59 [DEBUG] [ffmpeg] cmd: ffmpeg -y -i /Users/johnny/Music/Converted/mp3/tv off.flac -map 0:a -c:a libmp3lame -b:a 320k -metadata artist=Kendrick Lamar,Gunplay -metadata album_artist=Kendrick Lamar,Gunplay -metadata album=GNX -metadata title=tv off -id3v2_version 3 -write_id3v1 1 /Users/johnny/Music/Converted/mp3/tv off.mp3
2026-07-26 13:28:01 [DEBUG] [ffmpeg] removed intermediate: /Users/johnny/Music/Converted/mp3/tv off.flac
2026-07-26 13:28:01 [INFO] [decrypt] luther.ncm
2026-07-26 13:28:01 [DEBUG] [decrypt] cmd: /Users/johnny/Development/Projects/ncmdump/build/ncmdump "/Users/johnny/Music/网易云音乐/Kendrick Lamar,SZA/GNX/luther.ncm" -o "/Users/johnny/Music/Converted/mp3"
2026-07-26 13:28:01 [DEBUG] [decrypt] stdout: [1m[32m[Done] [0m'/Users/johnny/Music/网易云音乐/Kendrick Lamar,SZA/GNX/luther.ncm' -> '/Users/johnny/Music/Converted/mp3/luther.flac'
2026-07-26 13:28:01 [WARNING] [metadata] failed to parse /Users/johnny/Music/网易云音乐/Kendrick Lamar,SZA/GNX/luther.ncm: Extra data: line 1 column 460 (char 459)
2026-07-26 13:28:01 [INFO] [ffmpeg] luther.ncm -> mp3
2026-07-26 13:28:01 [DEBUG] [ffmpeg] cmd: ffmpeg -y -i /Users/johnny/Music/Converted/mp3/luther.flac -map 0:a -c:a libmp3lame -b:a 320k -metadata artist=Kendrick Lamar,SZA -metadata album_artist=Kendrick Lamar,SZA -metadata album=GNX -metadata title=luther -id3v2_version 3 -write_id3v1 1 /Users/johnny/Music/Converted/mp3/luther.mp3
2026-07-26 13:28:02 [DEBUG] [ffmpeg] removed intermediate: /Users/johnny/Music/Converted/mp3/luther.flac
2026-07-26 13:28:02 [INFO] [decrypt] 我可能是回避型.ncm
2026-07-26 13:28:02 [DEBUG] [decrypt] cmd: /Users/johnny/Development/Projects/ncmdump/build/ncmdump "/Users/johnny/Music/网易云音乐/Kiri T/a kiridiculous distance/我可能是回避型.ncm" -o "/Users/johnny/Music/Converted/mp3"
2026-07-26 13:28:02 [DEBUG] [decrypt] stdout: [1m[32m[Done] [0m'/Users/johnny/Music/网易云音乐/Kiri T/a kiridiculous distance/我可能是回避型.ncm' -> '/Users/johnny/Music/Converted/mp3/我可能是回避型.flac'
2026-07-26 13:28:02 [WARNING] [metadata] failed to parse /Users/johnny/Music/网易云音乐/Kiri T/a kiridiculous distance/我可能是回避型.ncm: Extra data: line 1 column 453 (char 452)
2026-07-26 13:28:02 [INFO] [ffmpeg] 我可能是回避型.ncm -> mp3
2026-07-26 13:28:02 [DEBUG] [ffmpeg] cmd: ffmpeg -y -i /Users/johnny/Music/Converted/mp3/我可能是回避型.flac -map 0:a -c:a libmp3lame -b:a 320k -metadata artist=Kiri T -metadata album_artist=Kiri T -metadata album=a kiridiculous distance -metadata title=我可能是回避型 -id3v2_version 3 -write_id3v1 1 /Users/johnny/Music/Converted/mp3/我可能是回避型.mp3
2026-07-26 13:28:04 [DEBUG] [ffmpeg] removed intermediate: /Users/johnny/Music/Converted/mp3/我可能是回避型.flac
2026-07-26 13:28:04 [INFO] [decrypt] 蓝剔未必是坏习惯.ncm
2026-07-26 13:28:04 [DEBUG] [decrypt] cmd: /Users/johnny/Development/Projects/ncmdump/build/ncmdump "/Users/johnny/Music/网易云音乐/Kiri T/蓝剔未必是坏习惯/蓝剔未必是坏习惯.ncm" -o "/Users/johnny/Music/Converted/mp3"
2026-07-26 13:28:04 [DEBUG] [decrypt] stdout: [1m[32m[Done] [0m'/Users/johnny/Music/网易云音乐/Kiri T/蓝剔未必是坏习惯/蓝剔未必是坏习惯.ncm' -> '/Users/johnny/Music/Converted/mp3/蓝剔未必是坏习惯.flac'
2026-07-26 13:28:04 [WARNING] [metadata] failed to parse /Users/johnny/Music/网易云音乐/Kiri T/蓝剔未必是坏习惯/蓝剔未必是坏习惯.ncm: Extra data: line 1 column 439 (char 438)
2026-07-26 13:28:04 [INFO] [ffmpeg] 蓝剔未必是坏习惯.ncm -> mp3
2026-07-26 13:28:04 [DEBUG] [ffmpeg] cmd: ffmpeg -y -i /Users/johnny/Music/Converted/mp3/蓝剔未必是坏习惯.flac -map 0:a -c:a libmp3lame -b:a 320k -metadata artist=Kiri T -metadata album_artist=Kiri T -metadata album=蓝剔未必是坏习惯 -metadata title=蓝剔未必是坏习惯 -id3v2_version 3 -write_id3v1 1 /Users/johnny/Music/Converted/mp3/蓝剔未必是坏习惯.mp3
2026-07-26 13:28:05 [DEBUG] [ffmpeg] removed intermediate: /Users/johnny/Music/Converted/mp3/蓝剔未必是坏习惯.flac
2026-07-26 13:28:05 [INFO] [decrypt] Gut Genug (mit Blumengarten & Shirin David).ncm
2026-07-26 13:28:05 [DEBUG] [decrypt] cmd: /Users/johnny/Development/Projects/ncmdump/build/ncmdump "/Users/johnny/Music/网易云音乐/KitschKrieg,Blumengarten,Shirin David/Gut Genug (mit Blumengarten & Shirin David)/Gut Genug (mit Blumengarten & Shirin David).ncm" -o "/Users/johnny/Music/Converted/mp3"
2026-07-26 13:28:05 [DEBUG] [decrypt] stdout: [1m[33m[Warn] [0m'/Users/johnny/Music/网易云音乐/KitschKrieg,Blumengarten,Shirin David/Gut Genug (mit Blumengarten & Shirin David)/Gut Genug (mit Blumengarten & Shirin David).ncm' missing album can't fix album image!
[1m[32m[Done] [0m'/Users/johnny/Music/网易云音乐/KitschKrieg,Blumengarten,Shirin David/Gut Genug (mit Blumengarten & Shirin David)/Gut Genug (mit Blumengarten & Shirin David).ncm' -> '/Users/johnny/Music/Converted/mp3/Gut Genug (mit Blumengarten & Shirin David).mp3'
2026-07-26 13:28:05 [WARNING] [metadata] failed to parse /Users/johnny/Music/网易云音乐/KitschKrieg,Blumengarten,Shirin David/Gut Genug (mit Blumengarten & Shirin David)/Gut Genug (mit Blumengarten & Shirin David).ncm: Extra data: line 1 column 573 (char 572)
2026-07-26 13:28:05 [INFO] [ffmpeg] Gut Genug (mit Blumengarten & Shirin David).ncm -> mp3
2026-07-26 13:28:05 [DEBUG] [ffmpeg] cmd: ffmpeg -y -i /Users/johnny/Music/Converted/mp3/Gut Genug (mit Blumengarten & Shirin David).mp3 -map 0:a -c:a libmp3lame -b:a 320k -metadata artist=KitschKrieg,Blumengarten,Shirin David -metadata album_artist=KitschKrieg,Blumengarten,Shirin David -metadata album=Gut Genug (mit Blumengarten & Shirin David) -metadata title=Gut Genug (mit Blumengarten & Shirin David) -id3v2_version 3 -write_id3v1 1 /Users/johnny/Music/Converted/mp3/Gut Genug (mit Blumengarten & Shirin David).mp3
2026-07-26 13:28:05 [ERROR] [ffmpeg] Gut Genug (mit Blumengarten & Shirin David).ncm FAILED: ng
FFmpeg cannot edit existing files in-place.
Error opening output file /Users/johnny/Music/Converted/mp3/Gut Genug (mit Blumengarten & Shirin David).mp3.
Error opening output files: Invalid argument
2026-07-26 13:28:05 [INFO] [decrypt] 贝比.ncm
2026-07-26 13:28:05 [DEBUG] [decrypt] cmd: /Users/johnny/Development/Projects/ncmdump/build/ncmdump "/Users/johnny/Music/网易云音乐/LÜCY,JOYCE 就以斯/Dance on the Shoreline/贝比.ncm" -o "/Users/johnny/Music/Converted/mp3"
2026-07-26 13:28:06 [DEBUG] [decrypt] stdout: [1m[32m[Done] [0m'/Users/johnny/Music/网易云音乐/LÜCY,JOYCE 就以斯/Dance on the Shoreline/贝比.ncm' -> '/Users/johnny/Music/Converted/mp3/贝比.flac'
2026-07-26 13:28:06 [WARNING] [metadata] failed to parse /Users/johnny/Music/网易云音乐/LÜCY,JOYCE 就以斯/Dance on the Shoreline/贝比.ncm: Extra data: line 1 column 476 (char 475)
2026-07-26 13:28:06 [INFO] [ffmpeg] 贝比.ncm -> mp3
2026-07-26 13:28:06 [DEBUG] [ffmpeg] cmd: ffmpeg -y -i /Users/johnny/Music/Converted/mp3/贝比.flac -map 0:a -c:a libmp3lame -b:a 320k -metadata artist=LÜCY,JOYCE 就以斯 -metadata album_artist=LÜCY,JOYCE 就以斯 -metadata album=Dance on the Shoreline -metadata title=贝比 -id3v2_version 3 -write_id3v1 1 /Users/johnny/Music/Converted/mp3/贝比.mp3
2026-07-26 13:28:07 [DEBUG] [ffmpeg] removed intermediate: /Users/johnny/Music/Converted/mp3/贝比.flac
2026-07-26 13:28:07 [INFO] [decrypt] Got It 3.ncm
2026-07-26 13:28:07 [DEBUG] [decrypt] cmd: /Users/johnny/Development/Projects/ncmdump/build/ncmdump "/Users/johnny/Music/网易云音乐/Lunak/Got It 3/Got It 3.ncm" -o "/Users/johnny/Music/Converted/mp3"
2026-07-26 13:28:07 [DEBUG] [decrypt] stdout: [1m[32m[Done] [0m'/Users/johnny/Music/网易云音乐/Lunak/Got It 3/Got It 3.ncm' -> '/Users/johnny/Music/Converted/mp3/Got It 3.flac'
2026-07-26 13:28:07 [DEBUG] [metadata] /Users/johnny/Music/网易云音乐/Lunak/Got It 3/Got It 3.ncm: musicId=2702903192
2026-07-26 13:28:07 [DEBUG] [metadata] found cover: /Users/johnny/Music/网易云音乐/meta/track-2702903192.jpg
2026-07-26 13:28:07 [INFO] [cover] Got It 3.ncm -> track-2702903192.jpg
2026-07-26 13:28:07 [INFO] [ffmpeg] Got It 3.ncm -> mp3
2026-07-26 13:28:07 [DEBUG] [ffmpeg] cmd: ffmpeg -y -i /Users/johnny/Music/Converted/mp3/Got It 3.flac -i /Users/johnny/Music/网易云音乐/meta/track-2702903192.jpg -map 0:a -map 1:v -c:a libmp3lame -b:a 320k -disposition:v attached_pic -metadata artist=Lunak -metadata album_artist=Lunak -metadata album=Got It 3 -metadata title=Got It 3 -id3v2_version 3 -write_id3v1 1 /Users/johnny/Music/Converted/mp3/Got It 3.mp3
2026-07-26 13:28:08 [DEBUG] [ffmpeg] removed intermediate: /Users/johnny/Music/Converted/mp3/Got It 3.flac
2026-07-26 13:28:08 [INFO] [decrypt] Don't Wanna Know.ncm
2026-07-26 13:28:08 [DEBUG] [decrypt] cmd: /Users/johnny/Development/Projects/ncmdump/build/ncmdump "/Users/johnny/Music/网易云音乐/Maroon 5,Kendrick Lamar/Red Pill Blues (Deluxe)/Don't Wanna Know.ncm" -o "/Users/johnny/Music/Converted/mp3"
2026-07-26 13:28:08 [DEBUG] [decrypt] stdout: [1m[33m[Warn] [0m'/Users/johnny/Music/网易云音乐/Maroon 5,Kendrick Lamar/Red Pill Blues (Deluxe)/Don't Wanna Know.ncm' missing album can't fix album image!
[1m[32m[Done] [0m'/Users/johnny/Music/网易云音乐/Maroon 5,Kendrick Lamar/Red Pill Blues (Deluxe)/Don't Wanna Know.ncm' -> '/Users/johnny/Music/Converted/mp3/Don't Wanna Know.flac'
2026-07-26 13:28:08 [WARNING] [metadata] failed to parse /Users/johnny/Music/网易云音乐/Maroon 5,Kendrick Lamar/Red Pill Blues (Deluxe)/Don't Wanna Know.ncm: Extra data: line 1 column 489 (char 488)
2026-07-26 13:28:08 [INFO] [ffmpeg] Don't Wanna Know.ncm -> mp3
2026-07-26 13:28:08 [DEBUG] [ffmpeg] cmd: ffmpeg -y -i /Users/johnny/Music/Converted/mp3/Don't Wanna Know.flac -map 0:a -c:a libmp3lame -b:a 320k -metadata artist=Maroon 5,Kendrick Lamar -metadata album_artist=Maroon 5,Kendrick Lamar -metadata album=Red Pill Blues (Deluxe) -metadata title=Don't Wanna Know -id3v2_version 3 -write_id3v1 1 /Users/johnny/Music/Converted/mp3/Don't Wanna Know.mp3
2026-07-26 13:28:10 [DEBUG] [ffmpeg] removed intermediate: /Users/johnny/Music/Converted/mp3/Don't Wanna Know.flac
2026-07-26 13:28:10 [INFO] [decrypt] 期待.ncm
2026-07-26 13:28:10 [DEBUG] [decrypt] cmd: /Users/johnny/Development/Projects/ncmdump/build/ncmdump "/Users/johnny/Music/网易云音乐/Mikann耙耙柑/关于我，关于我们/期待.ncm" -o "/Users/johnny/Music/Converted/mp3"
2026-07-26 13:28:10 [DEBUG] [decrypt] stdout: [1m[32m[Done] [0m'/Users/johnny/Music/网易云音乐/Mikann耙耙柑/关于我，关于我们/期待.ncm' -> '/Users/johnny/Music/Converted/mp3/期待.flac'
2026-07-26 13:28:10 [WARNING] [metadata] failed to parse /Users/johnny/Music/网易云音乐/Mikann耙耙柑/关于我，关于我们/期待.ncm: Extra data: line 1 column 443 (char 442)
2026-07-26 13:28:10 [INFO] [ffmpeg] 期待.ncm -> mp3
2026-07-26 13:28:10 [DEBUG] [ffmpeg] cmd: ffmpeg -y -i /Users/johnny/Music/Converted/mp3/期待.flac -map 0:a -c:a libmp3lame -b:a 320k -metadata artist=Mikann耙耙柑 -metadata album_artist=Mikann耙耙柑 -metadata album=关于我，关于我们 -metadata title=期待 -id3v2_version 3 -write_id3v1 1 /Users/johnny/Music/Converted/mp3/期待.mp3
2026-07-26 13:28:11 [DEBUG] [ffmpeg] removed intermediate: /Users/johnny/Music/Converted/mp3/期待.flac
2026-07-26 13:28:11 [INFO] [decrypt] 好喝的绿茶.ncm
2026-07-26 13:28:11 [DEBUG] [decrypt] cmd: /Users/johnny/Development/Projects/ncmdump/build/ncmdump "/Users/johnny/Music/网易云音乐/Mikann耙耙柑,Knocker,tubuxin/关于我，关于我们/好喝的绿茶.ncm" -o "/Users/johnny/Music/Converted/mp3"
2026-07-26 13:28:11 [DEBUG] [decrypt] stdout: [1m[32m[Done] [0m'/Users/johnny/Music/网易云音乐/Mikann耙耙柑,Knocker,tubuxin/关于我，关于我们/好喝的绿茶.ncm' -> '/Users/johnny/Music/Converted/mp3/好喝的绿茶.flac'
2026-07-26 13:28:11 [DEBUG] [metadata] /Users/johnny/Music/网易云音乐/Mikann耙耙柑,Knocker,tubuxin/关于我，关于我们/好喝的绿茶.ncm: musicId=2662325419
2026-07-26 13:28:11 [DEBUG] [metadata] found cover: /Users/johnny/Music/网易云音乐/meta/track-2662325419.jpg
2026-07-26 13:28:11 [INFO] [cover] 好喝的绿茶.ncm -> track-2662325419.jpg
2026-07-26 13:28:11 [INFO] [ffmpeg] 好喝的绿茶.ncm -> mp3
2026-07-26 13:28:11 [DEBUG] [ffmpeg] cmd: ffmpeg -y -i /Users/johnny/Music/Converted/mp3/好喝的绿茶.flac -i /Users/johnny/Music/网易云音乐/meta/track-2662325419.jpg -map 0:a -map 1:v -c:a libmp3lame -b:a 320k -disposition:v attached_pic -metadata artist=Mikann耙耙柑,Knocker,tubuxin -metadata album_artist=Mikann耙耙柑,Knocker,tubuxin -metadata album=关于我，关于我们 -metadata title=好喝的绿茶 -id3v2_version 3 -write_id3v1 1 /Users/johnny/Music/Converted/mp3/好喝的绿茶.mp3
2026-07-26 13:28:13 [DEBUG] [ffmpeg] removed intermediate: /Users/johnny/Music/Converted/mp3/好喝的绿茶.flac
2026-07-26 13:28:13 [INFO] [decrypt] 日常.ncm
2026-07-26 13:28:13 [DEBUG] [decrypt] cmd: /Users/johnny/Development/Projects/ncmdump/build/ncmdump "/Users/johnny/Music/网易云音乐/Official髭男dism/日常/日常.ncm" -o "/Users/johnny/Music/Converted/mp3"
2026-07-26 13:28:13 [DEBUG] [decrypt] stdout: [1m[32m[Done] [0m'/Users/johnny/Music/网易云音乐/Official髭男dism/日常/日常.ncm' -> '/Users/johnny/Music/Converted/mp3/日常.flac'
2026-07-26 13:28:13 [WARNING] [metadata] failed to parse /Users/johnny/Music/网易云音乐/Official髭男dism/日常/日常.ncm: Extra data: line 1 column 441 (char 440)
2026-07-26 13:28:13 [INFO] [ffmpeg] 日常.ncm -> mp3
2026-07-26 13:28:13 [DEBUG] [ffmpeg] cmd: ffmpeg -y -i /Users/johnny/Music/Converted/mp3/日常.flac -map 0:a -c:a libmp3lame -b:a 320k -metadata artist=Official髭男dism -metadata album_artist=Official髭男dism -metadata album=日常 -metadata title=日常 -id3v2_version 3 -write_id3v1 1 /Users/johnny/Music/Converted/mp3/日常.mp3
2026-07-26 13:28:15 [DEBUG] [ffmpeg] removed intermediate: /Users/johnny/Music/Converted/mp3/日常.flac
2026-07-26 13:28:15 [INFO] [decrypt] MONTAGEM SAKURA.ncm
2026-07-26 13:28:15 [DEBUG] [decrypt] cmd: /Users/johnny/Development/Projects/ncmdump/build/ncmdump "/Users/johnny/Music/网易云音乐/SVNO/MONTAGEM SAKURA/MONTAGEM SAKURA.ncm" -o "/Users/johnny/Music/Converted/mp3"
2026-07-26 13:28:15 [DEBUG] [decrypt] stdout: [1m[32m[Done] [0m'/Users/johnny/Music/网易云音乐/SVNO/MONTAGEM SAKURA/MONTAGEM SAKURA.ncm' -> '/Users/johnny/Music/Converted/mp3/MONTAGEM SAKURA.flac'
2026-07-26 13:28:15 [DEBUG] [metadata] /Users/johnny/Music/网易云音乐/SVNO/MONTAGEM SAKURA/MONTAGEM SAKURA.ncm: musicId=3345892031
2026-07-26 13:28:15 [DEBUG] [metadata] found cover: /Users/johnny/Music/网易云音乐/meta/track-3345892031.jpg
2026-07-26 13:28:15 [INFO] [cover] MONTAGEM SAKURA.ncm -> track-3345892031.jpg
2026-07-26 13:28:15 [INFO] [ffmpeg] MONTAGEM SAKURA.ncm -> mp3
2026-07-26 13:28:15 [DEBUG] [ffmpeg] cmd: ffmpeg -y -i /Users/johnny/Music/Converted/mp3/MONTAGEM SAKURA.flac -i /Users/johnny/Music/网易云音乐/meta/track-3345892031.jpg -map 0:a -map 1:v -c:a libmp3lame -b:a 320k -disposition:v attached_pic -metadata artist=SVNO -metadata album_artist=SVNO -metadata album=MONTAGEM SAKURA -metadata title=MONTAGEM SAKURA -id3v2_version 3 -write_id3v1 1 /Users/johnny/Music/Converted/mp3/MONTAGEM SAKURA.mp3
2026-07-26 13:28:16 [DEBUG] [ffmpeg] removed intermediate: /Users/johnny/Music/Converted/mp3/MONTAGEM SAKURA.flac
2026-07-26 13:28:16 [INFO] [decrypt] Unholy.ncm
2026-07-26 13:28:16 [DEBUG] [decrypt] cmd: /Users/johnny/Development/Projects/ncmdump/build/ncmdump "/Users/johnny/Music/网易云音乐/Sam Smith,Kim Petras/Unholy/Unholy.ncm" -o "/Users/johnny/Music/Converted/mp3"
2026-07-26 13:28:16 [DEBUG] [decrypt] stdout: [1m[33m[Warn] [0m'/Users/johnny/Music/网易云音乐/Sam Smith,Kim Petras/Unholy/Unholy.ncm' missing album can't fix album image!
[1m[32m[Done] [0m'/Users/johnny/Music/网易云音乐/Sam Smith,Kim Petras/Unholy/Unholy.ncm' -> '/Users/johnny/Music/Converted/mp3/Unholy.flac'
2026-07-26 13:28:16 [DEBUG] [metadata] /Users/johnny/Music/网易云音乐/Sam Smith,Kim Petras/Unholy/Unholy.ncm: musicId=1983629225
2026-07-26 13:28:16 [DEBUG] [metadata] found cover: /Users/johnny/Music/网易云音乐/meta/track-1983629225.jpg
2026-07-26 13:28:16 [INFO] [cover] Unholy.ncm -> track-1983629225.jpg
2026-07-26 13:28:16 [INFO] [ffmpeg] Unholy.ncm -> mp3
2026-07-26 13:28:16 [DEBUG] [ffmpeg] cmd: ffmpeg -y -i /Users/johnny/Music/Converted/mp3/Unholy.flac -i /Users/johnny/Music/网易云音乐/meta/track-1983629225.jpg -map 0:a -map 1:v -c:a libmp3lame -b:a 320k -disposition:v attached_pic -metadata artist=Sam Smith,Kim Petras -metadata album_artist=Sam Smith,Kim Petras -metadata album=Unholy -metadata title=Unholy -id3v2_version 3 -write_id3v1 1 /Users/johnny/Music/Converted/mp3/Unholy.mp3
2026-07-26 13:28:17 [DEBUG] [ffmpeg] removed intermediate: /Users/johnny/Music/Converted/mp3/Unholy.flac
2026-07-26 13:28:17 [INFO] [decrypt] Smoke.ncm
2026-07-26 13:28:17 [DEBUG] [decrypt] cmd: /Users/johnny/Development/Projects/ncmdump/build/ncmdump "/Users/johnny/Music/网易云音乐/Skrillex,ISOxo,Cristale/Smoke/Smoke.ncm" -o "/Users/johnny/Music/Converted/mp3"
2026-07-26 13:28:18 [DEBUG] [decrypt] stdout: [1m[32m[Done] [0m'/Users/johnny/Music/网易云音乐/Skrillex,ISOxo,Cristale/Smoke/Smoke.ncm' -> '/Users/johnny/Music/Converted/mp3/Smoke.flac'
2026-07-26 13:28:18 [WARNING] [metadata] failed to parse /Users/johnny/Music/网易云音乐/Skrillex,ISOxo,Cristale/Smoke/Smoke.ncm: Extra data: line 1 column 502 (char 501)
2026-07-26 13:28:18 [INFO] [ffmpeg] Smoke.ncm -> mp3
2026-07-26 13:28:18 [DEBUG] [ffmpeg] cmd: ffmpeg -y -i /Users/johnny/Music/Converted/mp3/Smoke.flac -map 0:a -c:a libmp3lame -b:a 320k -metadata artist=Skrillex,ISOxo,Cristale -metadata album_artist=Skrillex,ISOxo,Cristale -metadata album=Smoke -metadata title=Smoke -id3v2_version 3 -write_id3v1 1 /Users/johnny/Music/Converted/mp3/Smoke.mp3
2026-07-26 13:28:19 [DEBUG] [ffmpeg] removed intermediate: /Users/johnny/Music/Converted/mp3/Smoke.flac
2026-07-26 13:28:19 [INFO] [decrypt] Soma.ncm
2026-07-26 13:28:19 [DEBUG] [decrypt] cmd: /Users/johnny/Development/Projects/ncmdump/build/ncmdump "/Users/johnny/Music/网易云音乐/Skrillex,Nitepunk/SOMA/Soma.ncm" -o "/Users/johnny/Music/Converted/mp3"
2026-07-26 13:28:19 [DEBUG] [decrypt] stdout: [1m[32m[Done] [0m'/Users/johnny/Music/网易云音乐/Skrillex,Nitepunk/SOMA/Soma.ncm' -> '/Users/johnny/Music/Converted/mp3/Soma.flac'
2026-07-26 13:28:19 [WARNING] [metadata] failed to parse /Users/johnny/Music/网易云音乐/Skrillex,Nitepunk/SOMA/Soma.ncm: Extra data: line 1 column 453 (char 452)
2026-07-26 13:28:19 [INFO] [ffmpeg] Soma.ncm -> mp3
2026-07-26 13:28:19 [DEBUG] [ffmpeg] cmd: ffmpeg -y -i /Users/johnny/Music/Converted/mp3/Soma.flac -map 0:a -c:a libmp3lame -b:a 320k -metadata artist=Skrillex,Nitepunk -metadata album_artist=Skrillex,Nitepunk -metadata album=SOMA -metadata title=Soma -id3v2_version 3 -write_id3v1 1 /Users/johnny/Music/Converted/mp3/Soma.mp3
2026-07-26 13:28:20 [DEBUG] [ffmpeg] removed intermediate: /Users/johnny/Music/Converted/mp3/Soma.flac
2026-07-26 13:28:20 [INFO] [decrypt] Duro.ncm
2026-07-26 13:28:20 [DEBUG] [decrypt] cmd: /Users/johnny/Development/Projects/ncmdump/build/ncmdump "/Users/johnny/Music/网易云音乐/Skrillex,Young Miko/SOMA/Duro.ncm" -o "/Users/johnny/Music/Converted/mp3"
2026-07-26 13:28:20 [DEBUG] [decrypt] stdout: [1m[32m[Done] [0m'/Users/johnny/Music/网易云音乐/Skrillex,Young Miko/SOMA/Duro.ncm' -> '/Users/johnny/Music/Converted/mp3/Duro.flac'
2026-07-26 13:28:20 [WARNING] [metadata] failed to parse /Users/johnny/Music/网易云音乐/Skrillex,Young Miko/SOMA/Duro.ncm: Extra data: line 1 column 456 (char 455)
2026-07-26 13:28:20 [INFO] [ffmpeg] Duro.ncm -> mp3
2026-07-26 13:28:20 [DEBUG] [ffmpeg] cmd: ffmpeg -y -i /Users/johnny/Music/Converted/mp3/Duro.flac -map 0:a -c:a libmp3lame -b:a 320k -metadata artist=Skrillex,Young Miko -metadata album_artist=Skrillex,Young Miko -metadata album=SOMA -metadata title=Duro -id3v2_version 3 -write_id3v1 1 /Users/johnny/Music/Converted/mp3/Duro.mp3
2026-07-26 13:28:22 [DEBUG] [ffmpeg] removed intermediate: /Users/johnny/Music/Converted/mp3/Duro.flac
2026-07-26 13:28:22 [INFO] [decrypt] MONTAGEM HIKARI JUMPSTYLE.ncm
2026-07-26 13:28:22 [DEBUG] [decrypt] cmd: /Users/johnny/Development/Projects/ncmdump/build/ncmdump "/Users/johnny/Music/网易云音乐/TWXNY,Bellyjay,INNXCENCE/MONTAGEM HIKARI JUMPSTYLE/MONTAGEM HIKARI JUMPSTYLE.ncm" -o "/Users/johnny/Music/Converted/mp3"
2026-07-26 13:28:22 [DEBUG] [decrypt] stdout: [1m[33m[Warn] [0m'/Users/johnny/Music/网易云音乐/TWXNY,Bellyjay,INNXCENCE/MONTAGEM HIKARI JUMPSTYLE/MONTAGEM HIKARI JUMPSTYLE.ncm' missing album can't fix album image!
[1m[32m[Done] [0m'/Users/johnny/Music/网易云音乐/TWXNY,Bellyjay,INNXCENCE/MONTAGEM HIKARI JUMPSTYLE/MONTAGEM HIKARI JUMPSTYLE.ncm' -> '/Users/johnny/Music/Converted/mp3/MONTAGEM HIKARI JUMPSTYLE.flac'
2026-07-26 13:28:22 [WARNING] [metadata] failed to parse /Users/johnny/Music/网易云音乐/TWXNY,Bellyjay,INNXCENCE/MONTAGEM HIKARI JUMPSTYLE/MONTAGEM HIKARI JUMPSTYLE.ncm: Extra data: line 1 column 519 (char 518)
2026-07-26 13:28:22 [INFO] [ffmpeg] MONTAGEM HIKARI JUMPSTYLE.ncm -> mp3
2026-07-26 13:28:22 [DEBUG] [ffmpeg] cmd: ffmpeg -y -i /Users/johnny/Music/Converted/mp3/MONTAGEM HIKARI JUMPSTYLE.flac -map 0:a -c:a libmp3lame -b:a 320k -metadata artist=TWXNY,Bellyjay,INNXCENCE -metadata album_artist=TWXNY,Bellyjay,INNXCENCE -metadata album=MONTAGEM HIKARI JUMPSTYLE -metadata title=MONTAGEM HIKARI JUMPSTYLE -id3v2_version 3 -write_id3v1 1 /Users/johnny/Music/Converted/mp3/MONTAGEM HIKARI JUMPSTYLE.mp3
2026-07-26 13:28:22 [DEBUG] [ffmpeg] removed intermediate: /Users/johnny/Music/Converted/mp3/MONTAGEM HIKARI JUMPSTYLE.flac
2026-07-26 13:28:22 [INFO] [decrypt] goosebumps.ncm
2026-07-26 13:28:22 [DEBUG] [decrypt] cmd: /Users/johnny/Development/Projects/ncmdump/build/ncmdump "/Users/johnny/Music/网易云音乐/Travis Scott,Kendrick Lamar/Birds In The Trap Sing McKnight/goosebumps.ncm" -o "/Users/johnny/Music/Converted/mp3"
2026-07-26 13:28:22 [DEBUG] [decrypt] stdout: [1m[32m[Done] [0m'/Users/johnny/Music/网易云音乐/Travis Scott,Kendrick Lamar/Birds In The Trap Sing McKnight/goosebumps.ncm' -> '/Users/johnny/Music/Converted/mp3/goosebumps.flac'
2026-07-26 13:28:22 [DEBUG] [metadata] /Users/johnny/Music/网易云音乐/Travis Scott,Kendrick Lamar/Birds In The Trap Sing McKnight/goosebumps.ncm: musicId=428642135
2026-07-26 13:28:22 [DEBUG] [metadata] found cover: /Users/johnny/Music/网易云音乐/meta/track-428642135.jpg
2026-07-26 13:28:22 [INFO] [cover] goosebumps.ncm -> track-428642135.jpg
2026-07-26 13:28:22 [INFO] [ffmpeg] goosebumps.ncm -> mp3
2026-07-26 13:28:22 [DEBUG] [ffmpeg] cmd: ffmpeg -y -i /Users/johnny/Music/Converted/mp3/goosebumps.flac -i /Users/johnny/Music/网易云音乐/meta/track-428642135.jpg -map 0:a -map 1:v -c:a libmp3lame -b:a 320k -disposition:v attached_pic -metadata artist=Travis Scott,Kendrick Lamar -metadata album_artist=Travis Scott,Kendrick Lamar -metadata album=Birds In The Trap Sing McKnight -metadata title=goosebumps -id3v2_version 3 -write_id3v1 1 /Users/johnny/Music/Converted/mp3/goosebumps.mp3
2026-07-26 13:28:24 [DEBUG] [ffmpeg] removed intermediate: /Users/johnny/Music/Converted/mp3/goosebumps.flac
2026-07-26 13:28:24 [INFO] [decrypt] 怪獣の花唄.ncm
2026-07-26 13:28:24 [DEBUG] [decrypt] cmd: /Users/johnny/Development/Projects/ncmdump/build/ncmdump "/Users/johnny/Music/网易云音乐/Vaundy/strobo/怪獣の花唄.ncm" -o "/Users/johnny/Music/Converted/mp3"
2026-07-26 13:28:24 [DEBUG] [decrypt] stdout: [1m[32m[Done] [0m'/Users/johnny/Music/网易云音乐/Vaundy/strobo/怪獣の花唄.ncm' -> '/Users/johnny/Music/Converted/mp3/怪獣の花唄.flac'
2026-07-26 13:28:24 [WARNING] [metadata] failed to parse /Users/johnny/Music/网易云音乐/Vaundy/strobo/怪獣の花唄.ncm: Extra data: line 1 column 449 (char 448)
2026-07-26 13:28:24 [INFO] [ffmpeg] 怪獣の花唄.ncm -> mp3
2026-07-26 13:28:24 [DEBUG] [ffmpeg] cmd: ffmpeg -y -i /Users/johnny/Music/Converted/mp3/怪獣の花唄.flac -map 0:a -c:a libmp3lame -b:a 320k -metadata artist=Vaundy -metadata album_artist=Vaundy -metadata album=strobo -metadata title=怪獣の花唄 -id3v2_version 3 -write_id3v1 1 /Users/johnny/Music/Converted/mp3/怪獣の花唄.mp3
2026-07-26 13:28:26 [DEBUG] [ffmpeg] removed intermediate: /Users/johnny/Music/Converted/mp3/怪獣の花唄.flac
2026-07-26 13:28:26 [INFO] [decrypt] The Story of Us.ncm
2026-07-26 13:28:26 [DEBUG] [decrypt] cmd: /Users/johnny/Development/Projects/ncmdump/build/ncmdump "/Users/johnny/Music/网易云音乐/milet/The Story of Us/The Story of Us.ncm" -o "/Users/johnny/Music/Converted/mp3"
2026-07-26 13:28:26 [DEBUG] [decrypt] stdout: [1m[32m[Done] [0m'/Users/johnny/Music/网易云音乐/milet/The Story of Us/The Story of Us.ncm' -> '/Users/johnny/Music/Converted/mp3/The Story of Us.flac'
2026-07-26 13:28:26 [WARNING] [metadata] failed to parse /Users/johnny/Music/网易云音乐/milet/The Story of Us/The Story of Us.ncm: Extra data: line 1 column 480 (char 479)
2026-07-26 13:28:26 [INFO] [ffmpeg] The Story of Us.ncm -> mp3
2026-07-26 13:28:26 [DEBUG] [ffmpeg] cmd: ffmpeg -y -i /Users/johnny/Music/Converted/mp3/The Story of Us.flac -map 0:a -c:a libmp3lame -b:a 320k -metadata artist=milet -metadata album_artist=milet -metadata album=The Story of Us -metadata title=The Story of Us -id3v2_version 3 -write_id3v1 1 /Users/johnny/Music/Converted/mp3/The Story of Us.mp3
2026-07-26 13:28:28 [DEBUG] [ffmpeg] removed intermediate: /Users/johnny/Music/Converted/mp3/The Story of Us.flac
2026-07-26 13:28:28 [INFO] [decrypt] bestie.ncm
2026-07-26 13:28:28 [DEBUG] [decrypt] cmd: /Users/johnny/Development/Projects/ncmdump/build/ncmdump "/Users/johnny/Music/网易云音乐/muque/bestie/bestie.ncm" -o "/Users/johnny/Music/Converted/mp3"
2026-07-26 13:28:28 [DEBUG] [decrypt] stdout: [1m[32m[Done] [0m'/Users/johnny/Music/网易云音乐/muque/bestie/bestie.ncm' -> '/Users/johnny/Music/Converted/mp3/bestie.flac'
2026-07-26 13:28:28 [DEBUG] [metadata] /Users/johnny/Music/网易云音乐/muque/bestie/bestie.ncm: musicId=3329690223
2026-07-26 13:28:28 [DEBUG] [metadata] found cover: /Users/johnny/Music/网易云音乐/meta/track-3329690223.jpg
2026-07-26 13:28:28 [INFO] [cover] bestie.ncm -> track-3329690223.jpg
2026-07-26 13:28:28 [INFO] [ffmpeg] bestie.ncm -> mp3
2026-07-26 13:28:28 [DEBUG] [ffmpeg] cmd: ffmpeg -y -i /Users/johnny/Music/Converted/mp3/bestie.flac -i /Users/johnny/Music/网易云音乐/meta/track-3329690223.jpg -map 0:a -map 1:v -c:a libmp3lame -b:a 320k -disposition:v attached_pic -metadata artist=muque -metadata album_artist=muque -metadata album=bestie -metadata title=bestie -id3v2_version 3 -write_id3v1 1 /Users/johnny/Music/Converted/mp3/bestie.mp3
2026-07-26 13:28:30 [DEBUG] [ffmpeg] removed intermediate: /Users/johnny/Music/Converted/mp3/bestie.flac
2026-07-26 13:28:30 [INFO] [decrypt] CARNIVAL.ncm
2026-07-26 13:28:30 [DEBUG] [decrypt] cmd: /Users/johnny/Development/Projects/ncmdump/build/ncmdump "/Users/johnny/Music/网易云音乐/¥$,Kanye West,Ty Dolla $ign/VULTURES 1/CARNIVAL.ncm" -o "/Users/johnny/Music/Converted/mp3"
2026-07-26 13:28:30 [DEBUG] [decrypt] stdout: [1m[33m[Warn] [0m'/Users/johnny/Music/网易云音乐/¥$,Kanye West,Ty Dolla $ign/VULTURES 1/CARNIVAL.ncm' missing album can't fix album image!
[1m[32m[Done] [0m'/Users/johnny/Music/网易云音乐/¥$,Kanye West,Ty Dolla $ign/VULTURES 1/CARNIVAL.ncm' -> '/Users/johnny/Music/Converted/mp3/CARNIVAL.flac'
2026-07-26 13:28:30 [DEBUG] [metadata] /Users/johnny/Music/网易云音乐/¥$,Kanye West,Ty Dolla $ign/VULTURES 1/CARNIVAL.ncm: musicId=2125538091
2026-07-26 13:28:30 [DEBUG] [metadata] no cover for musicId=2125538091
2026-07-26 13:28:30 [INFO] [ffmpeg] CARNIVAL.ncm -> mp3
2026-07-26 13:28:30 [DEBUG] [ffmpeg] cmd: ffmpeg -y -i /Users/johnny/Music/Converted/mp3/CARNIVAL.flac -map 0:a -c:a libmp3lame -b:a 320k -metadata artist=¥$,Kanye West,Ty Dolla $ign -metadata album_artist=¥$,Kanye West,Ty Dolla $ign -metadata album=VULTURES 1 -metadata title=CARNIVAL -id3v2_version 3 -write_id3v1 1 /Users/johnny/Music/Converted/mp3/CARNIVAL.mp3
2026-07-26 13:28:32 [DEBUG] [ffmpeg] removed intermediate: /Users/johnny/Music/Converted/mp3/CARNIVAL.flac
2026-07-26 13:28:32 [INFO] [decrypt] i'm not from the midwest.ncm
2026-07-26 13:28:32 [DEBUG] [decrypt] cmd: /Users/johnny/Development/Projects/ncmdump/build/ncmdump "/Users/johnny/Music/网易云音乐/中西部情绪麻将/i'm not from the midwest/i'm not from the midwest.ncm" -o "/Users/johnny/Music/Converted/mp3"
2026-07-26 13:28:32 [DEBUG] [decrypt] stdout: [1m[32m[Done] [0m'/Users/johnny/Music/网易云音乐/中西部情绪麻将/i'm not from the midwest/i'm not from the midwest.ncm' -> '/Users/johnny/Music/Converted/mp3/i'm not from the midwest.flac'
2026-07-26 13:28:32 [WARNING] [metadata] failed to parse /Users/johnny/Music/网易云音乐/中西部情绪麻将/i'm not from the midwest/i'm not from the midwest.ncm: Extra data: line 1 column 472 (char 471)
2026-07-26 13:28:32 [INFO] [ffmpeg] i'm not from the midwest.ncm -> mp3
2026-07-26 13:28:32 [DEBUG] [ffmpeg] cmd: ffmpeg -y -i /Users/johnny/Music/Converted/mp3/i'm not from the midwest.flac -map 0:a -c:a libmp3lame -b:a 320k -metadata artist=中西部情绪麻将 -metadata album_artist=中西部情绪麻将 -metadata album=i'm not from the midwest -metadata title=i'm not from the midwest -id3v2_version 3 -write_id3v1 1 /Users/johnny/Music/Converted/mp3/i'm not from the midwest.mp3
2026-07-26 13:28:34 [DEBUG] [ffmpeg] removed intermediate: /Users/johnny/Music/Converted/mp3/i'm not from the midwest.flac
2026-07-26 13:28:34 [INFO] [decrypt] 玲子4.0.ncm
2026-07-26 13:28:34 [DEBUG] [decrypt] cmd: /Users/johnny/Development/Projects/ncmdump/build/ncmdump "/Users/johnny/Music/网易云音乐/叶霁晨,翁杰Winjay/攀讲/玲子4.0.ncm" -o "/Users/johnny/Music/Converted/mp3"
2026-07-26 13:28:34 [DEBUG] [decrypt] stdout: [1m[32m[Done] [0m'/Users/johnny/Music/网易云音乐/叶霁晨,翁杰Winjay/攀讲/玲子4.0.ncm' -> '/Users/johnny/Music/Converted/mp3/玲子4.0.flac'
2026-07-26 13:28:34 [DEBUG] [metadata] /Users/johnny/Music/网易云音乐/叶霁晨,翁杰Winjay/攀讲/玲子4.0.ncm: musicId=3324822346
2026-07-26 13:28:34 [DEBUG] [metadata] found cover: /Users/johnny/Music/网易云音乐/meta/track-3324822346.jpg
2026-07-26 13:28:34 [INFO] [cover] 玲子4.0.ncm -> track-3324822346.jpg
2026-07-26 13:28:34 [INFO] [ffmpeg] 玲子4.0.ncm -> mp3
2026-07-26 13:28:34 [DEBUG] [ffmpeg] cmd: ffmpeg -y -i /Users/johnny/Music/Converted/mp3/玲子4.0.flac -i /Users/johnny/Music/网易云音乐/meta/track-3324822346.jpg -map 0:a -map 1:v -c:a libmp3lame -b:a 320k -disposition:v attached_pic -metadata artist=叶霁晨,翁杰Winjay -metadata album_artist=叶霁晨,翁杰Winjay -metadata album=攀讲 -metadata title=玲子4.0 -id3v2_version 3 -write_id3v1 1 /Users/johnny/Music/Converted/mp3/玲子4.0.mp3
2026-07-26 13:28:35 [DEBUG] [ffmpeg] removed intermediate: /Users/johnny/Music/Converted/mp3/玲子4.0.flac
2026-07-26 13:28:35 [INFO] [decrypt] 搬家.ncm
2026-07-26 13:28:35 [DEBUG] [decrypt] cmd: /Users/johnny/Development/Projects/ncmdump/build/ncmdump "/Users/johnny/Music/网易云音乐/张震岳/跟着感觉走/搬家.ncm" -o "/Users/johnny/Music/Converted/mp3"
2026-07-26 13:28:35 [DEBUG] [decrypt] stdout: [1m[32m[Done] [0m'/Users/johnny/Music/网易云音乐/张震岳/跟着感觉走/搬家.ncm' -> '/Users/johnny/Music/Converted/mp3/搬家.flac'
2026-07-26 13:28:35 [DEBUG] [metadata] /Users/johnny/Music/网易云音乐/张震岳/跟着感觉走/搬家.ncm: musicId=2727809377
2026-07-26 13:28:35 [DEBUG] [metadata] found cover: /Users/johnny/Music/网易云音乐/meta/track-2727809377.jpg
2026-07-26 13:28:35 [INFO] [cover] 搬家.ncm -> track-2727809377.jpg
2026-07-26 13:28:35 [INFO] [ffmpeg] 搬家.ncm -> mp3
2026-07-26 13:28:35 [DEBUG] [ffmpeg] cmd: ffmpeg -y -i /Users/johnny/Music/Converted/mp3/搬家.flac -i /Users/johnny/Music/网易云音乐/meta/track-2727809377.jpg -map 0:a -map 1:v -c:a libmp3lame -b:a 320k -disposition:v attached_pic -metadata artist=张震岳 -metadata album_artist=张震岳 -metadata album=跟着感觉走 -metadata title=搬家 -id3v2_version 3 -write_id3v1 1 /Users/johnny/Music/Converted/mp3/搬家.mp3
2026-07-26 13:28:37 [DEBUG] [ffmpeg] removed intermediate: /Users/johnny/Music/Converted/mp3/搬家.flac
2026-07-26 13:28:37 [INFO] [decrypt] 梅雨季.ncm
2026-07-26 13:28:37 [DEBUG] [decrypt] cmd: /Users/johnny/Development/Projects/ncmdump/build/ncmdump "/Users/johnny/Music/网易云音乐/张震岳/跟着感觉走/梅雨季.ncm" -o "/Users/johnny/Music/Converted/mp3"
2026-07-26 13:28:37 [DEBUG] [decrypt] stdout: [1m[32m[Done] [0m'/Users/johnny/Music/网易云音乐/张震岳/跟着感觉走/梅雨季.ncm' -> '/Users/johnny/Music/Converted/mp3/梅雨季.flac'
2026-07-26 13:28:37 [WARNING] [metadata] failed to parse /Users/johnny/Music/网易云音乐/张震岳/跟着感觉走/梅雨季.ncm: Extra data: line 1 column 431 (char 430)
2026-07-26 13:28:37 [INFO] [ffmpeg] 梅雨季.ncm -> mp3
2026-07-26 13:28:37 [DEBUG] [ffmpeg] cmd: ffmpeg -y -i /Users/johnny/Music/Converted/mp3/梅雨季.flac -map 0:a -c:a libmp3lame -b:a 320k -metadata artist=张震岳 -metadata album_artist=张震岳 -metadata album=跟着感觉走 -metadata title=梅雨季 -id3v2_version 3 -write_id3v1 1 /Users/johnny/Music/Converted/mp3/梅雨季.mp3
2026-07-26 13:28:39 [DEBUG] [ffmpeg] removed intermediate: /Users/johnny/Music/Converted/mp3/梅雨季.flac
2026-07-26 13:28:39 [INFO] [decrypt] 浪人的….ncm
2026-07-26 13:28:39 [DEBUG] [decrypt] cmd: /Users/johnny/Development/Projects/ncmdump/build/ncmdump "/Users/johnny/Music/网易云音乐/张震岳/跟着感觉走/浪人的….ncm" -o "/Users/johnny/Music/Converted/mp3"
2026-07-26 13:28:39 [DEBUG] [decrypt] stdout: [1m[32m[Done] [0m'/Users/johnny/Music/网易云音乐/张震岳/跟着感觉走/浪人的….ncm' -> '/Users/johnny/Music/Converted/mp3/浪人的….flac'
2026-07-26 13:28:39 [WARNING] [metadata] failed to parse /Users/johnny/Music/网易云音乐/张震岳/跟着感觉走/浪人的….ncm: Extra data: line 1 column 432 (char 431)
2026-07-26 13:28:39 [INFO] [ffmpeg] 浪人的….ncm -> mp3
2026-07-26 13:28:39 [DEBUG] [ffmpeg] cmd: ffmpeg -y -i /Users/johnny/Music/Converted/mp3/浪人的….flac -map 0:a -c:a libmp3lame -b:a 320k -metadata artist=张震岳 -metadata album_artist=张震岳 -metadata album=跟着感觉走 -metadata title=浪人的… -id3v2_version 3 -write_id3v1 1 /Users/johnny/Music/Converted/mp3/浪人的….mp3
2026-07-26 13:28:41 [DEBUG] [ffmpeg] removed intermediate: /Users/johnny/Music/Converted/mp3/浪人的….flac
2026-07-26 13:28:41 [INFO] [decrypt] 跟着感觉走.ncm
2026-07-26 13:28:41 [DEBUG] [decrypt] cmd: /Users/johnny/Development/Projects/ncmdump/build/ncmdump "/Users/johnny/Music/网易云音乐/张震岳/跟着感觉走/跟着感觉走.ncm" -o "/Users/johnny/Music/Converted/mp3"
2026-07-26 13:28:41 [DEBUG] [decrypt] stdout: [1m[32m[Done] [0m'/Users/johnny/Music/网易云音乐/张震岳/跟着感觉走/跟着感觉走.ncm' -> '/Users/johnny/Music/Converted/mp3/跟着感觉走.flac'
2026-07-26 13:28:41 [WARNING] [metadata] failed to parse /Users/johnny/Music/网易云音乐/张震岳/跟着感觉走/跟着感觉走.ncm: Extra data: line 1 column 433 (char 432)
2026-07-26 13:28:41 [INFO] [ffmpeg] 跟着感觉走.ncm -> mp3
2026-07-26 13:28:41 [DEBUG] [ffmpeg] cmd: ffmpeg -y -i /Users/johnny/Music/Converted/mp3/跟着感觉走.flac -map 0:a -c:a libmp3lame -b:a 320k -metadata artist=张震岳 -metadata album_artist=张震岳 -metadata album=跟着感觉走 -metadata title=跟着感觉走 -id3v2_version 3 -write_id3v1 1 /Users/johnny/Music/Converted/mp3/跟着感觉走.mp3
2026-07-26 13:28:43 [DEBUG] [ffmpeg] removed intermediate: /Users/johnny/Music/Converted/mp3/跟着感觉走.flac
2026-07-26 13:28:43 [INFO] [decrypt] なんもねえ.ncm
2026-07-26 13:28:43 [DEBUG] [decrypt] cmd: /Users/johnny/Development/Projects/ncmdump/build/ncmdump "/Users/johnny/Music/网易云音乐/忘れらんねえよ/なんもねえ/なんもねえ.ncm" -o "/Users/johnny/Music/Converted/mp3"
2026-07-26 13:28:43 [DEBUG] [decrypt] stdout: [1m[32m[Done] [0m'/Users/johnny/Music/网易云音乐/忘れらんねえよ/なんもねえ/なんもねえ.ncm' -> '/Users/johnny/Music/Converted/mp3/なんもねえ.flac'
2026-07-26 13:28:43 [WARNING] [metadata] failed to parse /Users/johnny/Music/网易云音乐/忘れらんねえよ/なんもねえ/なんもねえ.ncm: Extra data: line 1 column 430 (char 429)
2026-07-26 13:28:43 [INFO] [ffmpeg] なんもねえ.ncm -> mp3
2026-07-26 13:28:43 [DEBUG] [ffmpeg] cmd: ffmpeg -y -i /Users/johnny/Music/Converted/mp3/なんもねえ.flac -map 0:a -c:a libmp3lame -b:a 320k -metadata artist=忘れらんねえよ -metadata album_artist=忘れらんねえよ -metadata album=なんもねえ -metadata title=なんもねえ -id3v2_version 3 -write_id3v1 1 /Users/johnny/Music/Converted/mp3/なんもねえ.mp3
2026-07-26 13:28:44 [DEBUG] [ffmpeg] removed intermediate: /Users/johnny/Music/Converted/mp3/なんもねえ.flac
2026-07-26 13:28:44 [INFO] [decrypt] 神奇的糊涂魔药.ncm
2026-07-26 13:28:44 [DEBUG] [decrypt] cmd: /Users/johnny/Development/Projects/ncmdump/build/ncmdump "/Users/johnny/Music/网易云音乐/林家谦/SEVEN/神奇的糊涂魔药.ncm" -o "/Users/johnny/Music/Converted/mp3"
2026-07-26 13:28:44 [DEBUG] [decrypt] stdout: [1m[32m[Done] [0m'/Users/johnny/Music/网易云音乐/林家谦/SEVEN/神奇的糊涂魔药.ncm' -> '/Users/johnny/Music/Converted/mp3/神奇的糊涂魔药.flac'
2026-07-26 13:28:44 [WARNING] [metadata] failed to parse /Users/johnny/Music/网易云音乐/林家谦/SEVEN/神奇的糊涂魔药.ncm: Extra data: line 1 column 438 (char 437)
2026-07-26 13:28:44 [INFO] [ffmpeg] 神奇的糊涂魔药.ncm -> mp3
2026-07-26 13:28:44 [DEBUG] [ffmpeg] cmd: ffmpeg -y -i /Users/johnny/Music/Converted/mp3/神奇的糊涂魔药.flac -map 0:a -c:a libmp3lame -b:a 320k -metadata artist=林家谦 -metadata album_artist=林家谦 -metadata album=SEVEN -metadata title=神奇的糊涂魔药 -id3v2_version 3 -write_id3v1 1 /Users/johnny/Music/Converted/mp3/神奇的糊涂魔药.mp3
2026-07-26 13:28:45 [DEBUG] [ffmpeg] removed intermediate: /Users/johnny/Music/Converted/mp3/神奇的糊涂魔药.flac
2026-07-26 13:28:45 [INFO] [decrypt] 神奇的糊涂魔药.ncm
2026-07-26 13:28:45 [DEBUG] [decrypt] cmd: /Users/johnny/Development/Projects/ncmdump/build/ncmdump "/Users/johnny/Music/网易云音乐/林家谦/神奇的糊涂魔药/神奇的糊涂魔药.ncm" -o "/Users/johnny/Music/Converted/mp3"
2026-07-26 13:28:45 [DEBUG] [decrypt] stdout: [1m[33m[Warn] [0m'/Users/johnny/Music/网易云音乐/林家谦/神奇的糊涂魔药/神奇的糊涂魔药.ncm' missing album can't fix album image!
[1m[32m[Done] [0m'/Users/johnny/Music/网易云音乐/林家谦/神奇的糊涂魔药/神奇的糊涂魔药.ncm' -> '/Users/johnny/Music/Converted/mp3/神奇的糊涂魔药.flac'
2026-07-26 13:28:45 [DEBUG] [metadata] /Users/johnny/Music/网易云音乐/林家谦/神奇的糊涂魔药/神奇的糊涂魔药.ncm: musicId=1865098161
2026-07-26 13:28:45 [DEBUG] [metadata] found cover: /Users/johnny/Music/网易云音乐/meta/track-1865098161.jpg
2026-07-26 13:28:45 [INFO] [cover] 神奇的糊涂魔药.ncm -> track-1865098161.jpg
2026-07-26 13:28:45 [INFO] [ffmpeg] 神奇的糊涂魔药.ncm -> mp3
2026-07-26 13:28:45 [DEBUG] [ffmpeg] cmd: ffmpeg -y -i /Users/johnny/Music/Converted/mp3/神奇的糊涂魔药.mp3 -i /Users/johnny/Music/网易云音乐/meta/track-1865098161.jpg -map 0:a -map 1:v -c:a libmp3lame -b:a 320k -disposition:v attached_pic -metadata artist=林家谦 -metadata album_artist=林家谦 -metadata album=神奇的糊涂魔药 -metadata title=神奇的糊涂魔药 -id3v2_version 3 -write_id3v1 1 /Users/johnny/Music/Converted/mp3/神奇的糊涂魔药.mp3
2026-07-26 13:28:45 [ERROR] [ffmpeg] 神奇的糊涂魔药.ncm FAILED: 神奇的糊涂魔药.mp3 same as Input #0 - exiting
FFmpeg cannot edit existing files in-place.
Error opening output file /Users/johnny/Music/Converted/mp3/神奇的糊涂魔药.mp3.
Error opening output files: Invalid argument
2026-07-26 13:28:45 [INFO] [decrypt] ハレの日に - Harenohini.ncm
2026-07-26 13:28:45 [DEBUG] [decrypt] cmd: /Users/johnny/Development/Projects/ncmdump/build/ncmdump "/Users/johnny/Music/网易云音乐/汐れいら/ハレの日に/ハレの日に - Harenohini.ncm" -o "/Users/johnny/Music/Converted/mp3"
2026-07-26 13:28:45 [DEBUG] [decrypt] stdout: [1m[32m[Done] [0m'/Users/johnny/Music/网易云音乐/汐れいら/ハレの日に/ハレの日に - Harenohini.ncm' -> '/Users/johnny/Music/Converted/mp3/ハレの日に - Harenohini.flac'
2026-07-26 13:28:45 [WARNING] [metadata] failed to parse /Users/johnny/Music/网易云音乐/汐れいら/ハレの日に/ハレの日に - Harenohini.ncm: Extra data: line 1 column 462 (char 461)
2026-07-26 13:28:45 [INFO] [ffmpeg] ハレの日に - Harenohini.ncm -> mp3
2026-07-26 13:28:45 [DEBUG] [ffmpeg] cmd: ffmpeg -y -i /Users/johnny/Music/Converted/mp3/ハレの日に - Harenohini.flac -map 0:a -c:a libmp3lame -b:a 320k -metadata artist=汐れいら -metadata album_artist=汐れいら -metadata album=ハレの日に -metadata title=ハレの日に - Harenohini -id3v2_version 3 -write_id3v1 1 /Users/johnny/Music/Converted/mp3/ハレの日に - Harenohini.mp3
2026-07-26 13:28:47 [DEBUG] [ffmpeg] removed intermediate: /Users/johnny/Music/Converted/mp3/ハレの日に - Harenohini.flac
2026-07-26 13:28:47 [INFO] [decrypt] ハレの日に - From THE FIRST TAKE.ncm
2026-07-26 13:28:47 [DEBUG] [decrypt] cmd: /Users/johnny/Development/Projects/ncmdump/build/ncmdump "/Users/johnny/Music/网易云音乐/汐れいら/ハレの日に - From THE FIRST TAKE/ハレの日に - From THE FIRST TAKE.ncm" -o "/Users/johnny/Music/Converted/mp3"
2026-07-26 13:28:47 [DEBUG] [decrypt] stdout: [1m[32m[Done] [0m'/Users/johnny/Music/网易云音乐/汐れいら/ハレの日に - From THE FIRST TAKE/ハレの日に - From THE FIRST TAKE.ncm' -> '/Users/johnny/Music/Converted/mp3/ハレの日に - From THE FIRST TAKE.flac'
2026-07-26 13:28:47 [WARNING] [metadata] failed to parse /Users/johnny/Music/网易云音乐/汐れいら/ハレの日に - From THE FIRST TAKE/ハレの日に - From THE FIRST TAKE.ncm: Extra data: line 1 column 481 (char 480)
2026-07-26 13:28:47 [INFO] [ffmpeg] ハレの日に - From THE FIRST TAKE.ncm -> mp3
2026-07-26 13:28:47 [DEBUG] [ffmpeg] cmd: ffmpeg -y -i /Users/johnny/Music/Converted/mp3/ハレの日に - From THE FIRST TAKE.flac -map 0:a -c:a libmp3lame -b:a 320k -metadata artist=汐れいら -metadata album_artist=汐れいら -metadata album=ハレの日に - From THE FIRST TAKE -metadata title=ハレの日に - From THE FIRST TAKE -id3v2_version 3 -write_id3v1 1 /Users/johnny/Music/Converted/mp3/ハレの日に - From THE FIRST TAKE.mp3
2026-07-26 13:28:49 [DEBUG] [ffmpeg] removed intermediate: /Users/johnny/Music/Converted/mp3/ハレの日に - From THE FIRST TAKE.flac
2026-07-26 13:28:49 [INFO] [decrypt] IRIS OUT.ncm
2026-07-26 13:28:49 [DEBUG] [decrypt] cmd: /Users/johnny/Development/Projects/ncmdump/build/ncmdump "/Users/johnny/Music/网易云音乐/米津玄師/IRIS OUT/IRIS OUT.ncm" -o "/Users/johnny/Music/Converted/mp3"
2026-07-26 13:28:50 [DEBUG] [decrypt] stdout: [1m[32m[Done] [0m'/Users/johnny/Music/网易云音乐/米津玄師/IRIS OUT/IRIS OUT.ncm' -> '/Users/johnny/Music/Converted/mp3/IRIS OUT.flac'
2026-07-26 13:28:50 [WARNING] [metadata] failed to parse /Users/johnny/Music/网易云音乐/米津玄師/IRIS OUT/IRIS OUT.ncm: Extra data: line 1 column 434 (char 433)
2026-07-26 13:28:50 [INFO] [ffmpeg] IRIS OUT.ncm -> mp3
2026-07-26 13:28:50 [DEBUG] [ffmpeg] cmd: ffmpeg -y -i /Users/johnny/Music/Converted/mp3/IRIS OUT.flac -map 0:a -c:a libmp3lame -b:a 320k -metadata artist=米津玄師 -metadata album_artist=米津玄師 -metadata album=IRIS OUT -metadata title=IRIS OUT -id3v2_version 3 -write_id3v1 1 /Users/johnny/Music/Converted/mp3/IRIS OUT.mp3
2026-07-26 13:28:51 [DEBUG] [ffmpeg] removed intermediate: /Users/johnny/Music/Converted/mp3/IRIS OUT.flac
2026-07-26 13:28:51 [INFO] [decrypt] 烏 - Raven.ncm
2026-07-26 13:28:51 [DEBUG] [decrypt] cmd: /Users/johnny/Development/Projects/ncmdump/build/ncmdump "/Users/johnny/Music/网易云音乐/米津玄師/烏 - Raven/烏 - Raven.ncm" -o "/Users/johnny/Music/Converted/mp3"
2026-07-26 13:28:51 [DEBUG] [decrypt] stdout: [1m[32m[Done] [0m'/Users/johnny/Music/网易云音乐/米津玄師/烏 - Raven/烏 - Raven.ncm' -> '/Users/johnny/Music/Converted/mp3/烏 - Raven.mp3'
2026-07-26 13:28:51 [DEBUG] [metadata] /Users/johnny/Music/网易云音乐/米津玄師/烏 - Raven/烏 - Raven.ncm: musicId=3388574657
2026-07-26 13:28:51 [DEBUG] [metadata] found cover: /Users/johnny/Music/网易云音乐/meta/track-3388574657.jpg
2026-07-26 13:28:51 [INFO] [cover] 烏 - Raven.ncm -> track-3388574657.jpg
2026-07-26 13:28:51 [INFO] [ffmpeg] 烏 - Raven.ncm -> mp3
2026-07-26 13:28:51 [DEBUG] [ffmpeg] cmd: ffmpeg -y -i /Users/johnny/Music/Converted/mp3/烏 - Raven.mp3 -i /Users/johnny/Music/网易云音乐/meta/track-3388574657.jpg -map 0:a -map 1:v -c:a libmp3lame -b:a 320k -disposition:v attached_pic -metadata artist=米津玄師 -metadata album_artist=米津玄師 -metadata album=烏 - Raven -metadata title=烏 - Raven -id3v2_version 3 -write_id3v1 1 /Users/johnny/Music/Converted/mp3/烏 - Raven.mp3
2026-07-26 13:28:51 [ERROR] [ffmpeg] 烏 - Raven.ncm FAILED: Raven.mp3 same as Input #0 - exiting
FFmpeg cannot edit existing files in-place.
Error opening output file /Users/johnny/Music/Converted/mp3/烏 - Raven.mp3.
Error opening output files: Invalid argument
2026-07-26 13:28:51 [INFO] [decrypt] JANE DOE.ncm
2026-07-26 13:28:51 [DEBUG] [decrypt] cmd: /Users/johnny/Development/Projects/ncmdump/build/ncmdump "/Users/johnny/Music/网易云音乐/米津玄師,宇多田ヒカル/JANE DOE/JANE DOE.ncm" -o "/Users/johnny/Music/Converted/mp3"
2026-07-26 13:28:51 [DEBUG] [decrypt] stdout: [1m[32m[Done] [0m'/Users/johnny/Music/网易云音乐/米津玄師,宇多田ヒカル/JANE DOE/JANE DOE.ncm' -> '/Users/johnny/Music/Converted/mp3/JANE DOE.flac'
2026-07-26 13:28:51 [WARNING] [metadata] failed to parse /Users/johnny/Music/网易云音乐/米津玄師,宇多田ヒカル/JANE DOE/JANE DOE.ncm: Extra data: line 1 column 477 (char 476)
2026-07-26 13:28:51 [INFO] [ffmpeg] JANE DOE.ncm -> mp3
2026-07-26 13:28:51 [DEBUG] [ffmpeg] cmd: ffmpeg -y -i /Users/johnny/Music/Converted/mp3/JANE DOE.flac -map 0:a -c:a libmp3lame -b:a 320k -metadata artist=米津玄師,宇多田ヒカル -metadata album_artist=米津玄師,宇多田ヒカル -metadata album=JANE DOE -metadata title=JANE DOE -id3v2_version 3 -write_id3v1 1 /Users/johnny/Music/Converted/mp3/JANE DOE.mp3
2026-07-26 13:28:52 [DEBUG] [ffmpeg] removed intermediate: /Users/johnny/Music/Converted/mp3/JANE DOE.flac
2026-07-26 13:28:52 [INFO] === 转换完成 ===
